city,timestamp,pm25,pm10,no2,aqi,anomaly_score,severity
Delhi,2025-05-31 13:21:22.505492,132.6,189.72,32.23,190.8,-0.01574899971251642,Medium
Delhi,2025-06-01 19:21:22.505492,102.83,178.33,72.86,175.4,-0.032010411421381835,Medium
Delhi,2025-06-02 13:21:22.505492,114.21,195.51,44.45,181.3,-0.014996980237269364,Medium
Delhi,2025-06-03 07:21:22.505492,100.26,160.12,61.8,174.1,-0.0006859193854039658,Medium
Delhi,2025-06-05 07:21:22.505492,123.92,187.37,46.07,186.3,-0.026373277032625486,Medium
Delhi,2025-06-05 13:21:22.505492,113.15,162.84,51.62,180.8,-0.015446459593807638,Medium
Delhi,2025-06-08 13:21:22.505492,126.75,209.27,54.39,187.8,-0.02105675603052115,Medium
Delhi,2025-06-15 07:21:22.505492,125.5,212.66,60.18,187.1,-0.012894105907433118,Medium
Delhi,2025-06-16 01:21:22.505492,112.8,187.86,56.9,180.6,-0.00046139686389190526,Medium
Delhi,2025-06-18 07:21:22.505492,103.54,172.51,54.74,175.8,-0.007121775040204836,Medium
Delhi,2025-06-25 13:21:22.505492,121.33,213.29,31.97,185.0,-0.004459454608776614,Medium
Delhi,2025-06-26 07:21:22.505492,218.54,309.46,18.03,268.4,-0.11055313077942752,High
Delhi,2025-06-26 19:21:22.505492,222.48,327.58,29.93,272.3,-0.10016189824688726,High
Delhi,2025-06-27 01:21:22.505492,103.35,160.86,13.9,175.7,-0.003956404042761874,Medium
Delhi,2025-06-27 07:21:22.505492,101.13,175.1,20.76,174.6,-0.002104902145863452,Medium
Delhi,2025-06-27 13:21:22.505492,102.82,177.08,71.15,175.4,-0.02527548557255721,Medium
Delhi,2025-06-28 19:21:22.505492,234.0,332.11,28.69,283.7,-0.10442852198979102,High
Delhi,2025-06-29 13:21:22.505492,129.33,205.03,55.15,189.1,-0.02926468468562582,Medium
Delhi,2025-06-29 19:21:22.505492,76.15,122.87,15.32,161.7,-0.003754462666430647,Medium
Delhi,2025-07-03 07:21:22.505492,227.51,395.99,52.58,277.3,-0.11266598065584477,High
Delhi,2025-07-06 19:21:22.505492,213.72,350.67,53.92,263.7,-0.12452445736139106,High
Delhi,2025-07-07 19:21:22.505492,95.05,166.27,13.59,171.4,-0.01259024602389891,Medium
Delhi,2025-07-08 13:21:22.505492,244.41,378.18,34.41,294.1,-0.1266695412054485,High
Delhi,2025-07-09 13:21:22.505492,255.09,452.34,49.46,304.7,-0.12245322903042388,High
Delhi,2025-07-12 07:21:22.505492,223.65,382.17,16.55,273.5,-0.12657167858544516,High
Delhi,2025-07-13 13:21:22.505492,115.69,203.16,78.84,182.1,-0.026195271317541846,Medium
Delhi,2025-07-17 13:21:22.505492,260.33,378.15,39.09,308.8,-0.11432613511970757,High
Delhi,2025-07-19 07:21:22.505492,106.53,156.25,56.9,177.3,-0.004751031046328458,Medium
Delhi,2025-07-19 13:21:22.505492,117.35,167.65,60.94,182.9,-0.0012964784988226397,Medium
Delhi,2025-07-20 13:21:22.505492,123.05,213.3,73.47,185.9,-0.07755786962015487,Medium
Delhi,2025-07-23 13:21:22.505492,100.47,166.69,44.16,174.2,-0.025436776088975765,Medium
Delhi,2025-07-29 13:21:22.505492,126.34,215.22,16.54,187.6,-0.022604802139898794,Medium
Delhi,2025-07-30 07:21:22.505492,218.47,325.61,40.51,268.4,-0.10717641807235156,High
Delhi,2025-08-06 01:21:22.505492,100.6,167.95,23.04,174.3,-0.0022033551314067923,Medium
Delhi,2025-08-11 13:21:22.505492,108.78,182.97,65.28,178.5,-0.05892380077212955,Medium
Delhi,2025-08-12 13:21:22.505492,230.58,365.7,52.31,280.4,-0.11835225050723353,High
Delhi,2025-08-15 07:21:22.505492,92.31,134.85,58.43,170.0,-0.007331850283462393,Medium
Delhi,2025-08-26 19:21:22.505492,99.06,178.14,2.68,173.5,-0.007942431734759614,Medium
Delhi,2025-08-27 07:21:22.505492,108.86,160.54,40.0,178.6,-0.01429429534769755,Medium
Delhi,2025-08-29 13:21:22.505492,118.79,210.95,19.21,183.7,-0.013500425759654044,Medium
Delhi,2025-08-30 13:21:22.505492,98.46,175.57,60.19,173.2,-0.021024215057238504,Medium
Delhi,2025-08-31 07:21:22.505492,107.98,175.27,68.46,178.1,-0.009260848155909551,Medium
Delhi,2025-09-02 07:21:22.505492,99.81,158.57,67.87,173.9,-0.03184184241024379,Medium
Delhi,2025-09-03 19:21:22.505492,88.84,125.1,49.06,168.2,-0.004699409190769832,Medium
Delhi,2025-09-10 07:21:22.505492,209.2,324.81,44.04,259.2,-0.11639902957583836,High
Delhi,2025-09-13 07:21:22.505492,226.58,369.19,51.41,276.4,-0.11458048102051754,High
Delhi,2025-09-22 19:21:22.505492,237.68,355.72,17.32,287.4,-0.1357719951310008,High
Delhi,2025-09-24 13:21:22.505492,86.03,126.7,16.27,166.8,-0.00239734706001804,Medium
Delhi,2025-10-03 13:21:22.505492,208.1,346.81,40.53,258.1,-0.09333733975470082,Medium
Delhi,2025-10-10 19:21:22.505492,207.45,298.52,58.45,257.4,-0.12118595698454515,High
Delhi,2025-10-28 13:21:22.505492,110.31,187.02,55.35,179.3,-0.016105072526227726,Medium
Delhi,2025-11-04 07:21:22.505492,94.49,155.12,61.63,171.1,-0.009878242978914598,Medium
Delhi,2025-12-01 07:21:22.505492,111.98,164.72,67.51,180.2,-0.006485225859818811,Medium
Delhi,2025-12-03 19:21:22.505492,94.34,149.88,20.71,171.1,-0.00323229690564808,Medium
Delhi,2025-12-17 01:21:22.505492,103.74,186.67,13.55,175.9,-0.01247429791514143,Medium
Delhi,2025-12-23 13:21:22.505492,112.68,191.26,7.96,180.5,-0.022482650817469696,Medium
Delhi,2025-12-29 01:21:22.505492,93.45,151.39,68.54,170.6,-0.025161562824843386,Medium
Delhi,2025-12-31 07:21:22.505492,200.98,303.41,54.67,251.0,-0.09618485863004722,Medium
Delhi,2026-01-04 01:21:22.505492,221.29,311.56,32.19,271.1,-0.14314279925527285,High
Delhi,2026-01-04 07:21:22.505492,93.15,133.55,79.55,170.4,-0.022207473876214245,Medium
Delhi,2026-01-05 07:21:22.505492,223.9,338.65,48.78,273.7,-0.11382341041887045,High
Delhi,2026-01-07 07:21:22.505492,222.21,324.7,33.3,272.1,-0.11053278263826272,High
Delhi,2026-01-08 13:21:22.505492,280.25,494.53,50.15,324.7,-0.11018289539681392,High
Delhi,2026-01-10 13:21:22.505492,124.06,198.99,64.62,186.4,-0.01848478338899262,Medium
Delhi,2026-01-12 13:21:22.505492,102.82,182.38,57.47,175.4,-0.003674770151689599,Medium
Delhi,2026-01-14 13:21:22.505492,129.55,226.34,19.78,189.2,-0.02792928295514363,Medium
Delhi,2026-01-29 13:21:22.505492,241.26,382.59,22.3,290.9,-0.11996632552936637,High
Delhi,2026-01-31 13:21:22.505492,120.35,208.84,46.31,184.5,-0.026662963626058467,Medium
Delhi,2026-02-02 07:21:22.505492,115.01,198.07,34.34,181.7,-0.0020975243370573438,Medium
Delhi,2026-02-02 13:21:22.505492,104.24,186.38,45.01,176.2,-0.00026022619946175496,Medium
Delhi,2026-02-03 01:21:22.505492,189.26,327.13,33.13,239.4,-0.11114677419184793,High
Delhi,2026-02-03 07:21:22.505492,114.3,168.02,12.36,181.4,-0.019397689375415195,Medium
Delhi,2026-02-03 13:21:22.505492,123.54,190.51,47.99,186.1,-0.01241035562931847,Medium
Delhi,2026-02-05 13:21:22.505492,109.83,190.62,2.18,179.1,-0.016383155820341,Medium
Delhi,2026-02-09 13:21:22.505492,118.89,206.73,40.35,183.7,-0.02067608425384848,Medium
Delhi,2026-02-10 13:21:22.505492,121.27,217.28,36.98,185.0,-0.016630815155534884,Medium
Delhi,2026-02-10 19:21:22.505492,114.27,204.5,12.11,181.3,-0.006524052931369373,Medium
Delhi,2026-02-11 19:21:22.505492,119.86,188.34,54.86,184.2,-0.012372412545039069,Medium
Delhi,2026-02-12 07:21:22.505492,112.96,169.2,72.58,180.7,-0.00375226875613921,Medium
Delhi,2026-02-12 13:21:22.505492,221.56,380.84,31.05,271.4,-0.11172842486773515,High
Delhi,2026-02-16 13:21:22.505492,216.74,344.16,17.15,266.6,-0.12068832180122036,High
Delhi,2026-02-17 01:21:22.505492,108.87,166.09,54.89,178.6,-0.01401382499524162,Medium
Delhi,2026-02-18 19:21:22.505492,104.41,166.61,13.39,176.3,-0.019916533576863182,Medium
Delhi,2026-02-19 19:21:22.505492,97.04,172.91,54.65,172.4,-0.002318803159639171,Medium
Delhi,2026-02-21 07:21:22.505492,107.59,186.78,70.81,177.9,-0.018507579729654444,Medium
Delhi,2026-02-21 19:21:22.505492,120.51,209.31,19.59,184.6,-0.06911891160461203,Medium
Delhi,2026-02-23 07:21:22.505492,108.96,183.78,29.16,178.6,-0.00593500425215121,Medium
Delhi,2026-02-24 13:21:22.505492,129.76,233.15,26.49,189.3,-0.03730849230307509,Medium
Delhi,2026-02-27 13:21:22.505492,117.55,182.26,62.59,183.0,-0.05031853869672154,Medium
Delhi,2026-02-28 07:21:22.505492,106.09,162.26,46.51,177.1,-0.013222734020917226,Medium
Delhi,2026-02-28 13:21:22.505492,113.54,183.99,0.0,181.0,-0.028942018678444037,Medium
Delhi,2026-03-01 13:21:22.505492,133.16,195.94,41.75,191.1,-0.029021256608739998,Medium
Delhi,2026-03-02 13:21:22.505492,254.25,367.81,40.83,304.0,-0.11494734525411832,High
Delhi,2026-03-03 07:21:22.505492,118.48,201.68,22.04,183.5,-0.029830240316078283,Medium
Delhi,2026-03-03 13:21:22.505492,128.33,194.67,37.23,188.6,-0.026383695108266436,Medium
Delhi,2026-03-03 19:21:22.505492,122.3,182.84,32.2,185.5,-0.013049795666663089,Medium
Delhi,2026-03-05 07:21:22.505492,120.25,199.18,46.69,184.4,-0.03377545669180171,Medium
Delhi,2026-03-05 13:21:22.505492,245.56,400.68,50.71,295.2,-0.1073429508132947,High
Delhi,2026-03-06 19:21:22.505492,109.78,177.5,78.59,179.0,-0.06594371670657384,Medium
Delhi,2026-03-07 13:21:22.505492,110.33,160.65,37.8,179.3,-0.010409246249065696,Medium
Delhi,2026-03-13 13:21:22.505492,119.39,205.21,53.27,184.0,-0.0327751764991997,Medium
Delhi,2026-03-15 07:21:22.505492,124.54,203.87,43.68,186.6,-0.007880073388915387,Medium
Delhi,2026-03-15 13:21:22.505492,123.18,185.74,39.1,185.9,-0.006873321039956859,Medium
Delhi,2026-03-16 07:21:22.505492,112.61,167.41,8.74,180.5,-0.0022576078365704744,Medium
Delhi,2026-03-16 13:21:22.505492,110.18,178.77,31.68,179.2,-0.0018865583893270532,Medium
Delhi,2026-03-18 01:21:22.505492,89.01,149.13,64.01,168.3,-0.0009920187725087626,Medium
Delhi,2026-03-18 07:21:22.505492,117.44,196.44,60.23,183.0,-0.0017303385488341982,Medium
Delhi,2026-03-18 19:21:22.505492,231.91,376.48,32.54,281.7,-0.13161517955145963,High
Delhi,2026-03-19 13:21:22.505492,112.59,162.59,65.58,180.5,-0.018750105354075952,Medium
Delhi,2026-03-20 07:21:22.505492,236.77,395.73,30.54,286.5,-0.10759952509132209,High
Delhi,2026-03-20 13:21:22.505492,116.97,202.14,20.27,182.7,-0.024463109488832235,Medium
Delhi,2026-03-21 01:21:22.505492,112.49,188.85,10.76,180.4,-0.03129180024977929,Medium
Delhi,2026-03-21 07:21:22.505492,117.27,176.03,56.22,182.9,-0.00679176523445546,Medium
Delhi,2026-03-21 13:21:22.505492,112.25,162.86,47.87,180.3,-0.019323497107880616,Medium
Delhi,2026-03-22 07:21:22.505492,127.52,220.94,19.57,188.2,-0.047935181405606264,Medium
Delhi,2026-03-22 19:21:22.505492,109.67,191.97,34.03,179.0,-0.025920756780412724,Medium
Delhi,2026-03-24 13:21:22.505492,117.04,205.72,57.69,182.8,-0.0028377447691543267,Medium
Delhi,2026-03-26 19:21:22.505492,118.27,212.16,39.5,183.4,-0.06510369880778077,Medium
Delhi,2026-03-27 07:21:22.505492,114.74,197.38,11.88,181.6,-0.01955271150118354,Medium
Delhi,2026-03-28 01:21:22.505492,98.23,158.81,57.44,173.1,-0.011393512731358468,Medium
Delhi,2026-03-28 19:21:22.505492,118.29,187.81,25.41,183.4,-0.03114169623432006,Medium
Delhi,2026-03-29 13:21:22.505492,126.2,220.91,48.23,187.5,-0.024522556146474472,Medium
Delhi,2026-03-30 13:21:22.505492,111.62,200.31,15.08,180.0,-0.02775931535684939,Medium
Delhi,2026-03-31 19:21:22.505492,115.18,193.01,58.55,181.8,-0.03542603780855469,Medium
Delhi,2026-04-01 01:21:22.505492,120.85,200.59,40.17,184.7,-0.017853533575844405,Medium
Delhi,2026-04-03 01:21:22.505492,114.03,169.9,43.78,181.2,-0.012213634833563303,Medium
Delhi,2026-04-04 07:21:22.505492,114.68,205.2,4.17,181.6,-0.05436920179412574,Medium
Delhi,2026-04-06 13:21:22.505492,108.39,192.56,61.36,178.3,-0.02633766411851035,Medium
Delhi,2026-04-06 19:21:22.505492,97.35,137.95,32.8,172.6,-0.0077770945248661905,Medium
Delhi,2026-04-07 13:21:22.505492,129.5,217.45,34.73,189.2,-0.007358608532200717,Medium
Delhi,2026-04-08 07:21:22.505492,128.61,211.84,42.81,188.7,-0.008994271942795118,Medium
Delhi,2026-04-08 13:21:22.505492,117.68,197.58,17.74,183.1,-0.02822578148572763,Medium
Delhi,2026-04-09 13:21:22.505492,122.16,185.8,56.25,185.4,-0.05551205368142287,Medium
Delhi,2026-04-09 19:21:22.505492,133.91,214.57,59.44,191.5,-0.03848273366206356,Medium
Delhi,2026-04-10 07:21:22.505492,116.54,206.63,79.04,182.5,-0.06733604565365847,Medium
Delhi,2026-04-11 07:21:22.505492,127.97,216.96,0.0,188.4,-0.07314085326079955,Medium
Delhi,2026-04-11 13:21:22.505492,118.26,209.38,65.18,183.4,-0.06518096039527721,Medium
Delhi,2026-04-12 19:21:22.505492,108.2,185.53,18.16,178.2,-0.009651983825788024,Medium
Delhi,2026-04-13 19:21:22.505492,97.82,167.89,69.29,172.9,-0.008299808421513455,Medium
Delhi,2026-04-14 13:21:22.505492,113.71,178.88,50.88,181.1,-0.003059088299898316,Medium
Delhi,2026-04-14 19:21:22.505492,110.23,187.87,47.01,179.3,-0.016957732200069797,Medium
Delhi,2026-04-15 19:21:22.505492,226.48,350.98,21.23,276.3,-0.1185145956785787,High
Delhi,2026-04-16 13:21:22.505492,114.36,198.93,45.15,181.4,-0.013207250914934798,Medium
Delhi,2026-04-17 07:21:22.505492,116.0,183.07,64.56,182.2,-0.01600119341172146,Medium
Delhi,2026-04-17 13:21:22.505492,137.28,229.02,37.09,193.2,-0.023101621757187774,Medium
Delhi,2026-04-19 07:21:22.505492,118.28,212.03,31.42,183.4,-0.030397051071642034,Medium
Delhi,2026-04-19 13:21:22.505492,125.29,185.98,46.89,187.0,-0.021485147832310147,Medium
Delhi,2026-04-19 19:21:22.505492,119.61,191.05,1.71,184.1,-0.05598505317271674,Medium
Delhi,2026-04-20 07:21:22.505492,108.64,181.36,63.16,178.4,-0.03120620016906317,Medium
Delhi,2026-04-22 07:21:22.505492,131.01,233.91,23.94,190.0,-0.03205023404350216,Medium
Delhi,2026-04-22 13:21:22.505492,128.4,215.26,33.06,188.6,-0.0062403039398963855,Medium
Delhi,2026-04-24 13:21:22.505492,127.42,220.49,38.81,188.1,-0.01518841135348703,Medium
Delhi,2026-04-25 13:21:22.505492,109.06,195.39,50.58,178.7,-0.021803213785619557,Medium
Delhi,2026-04-26 01:21:22.505492,209.81,335.77,45.76,259.8,-0.09957874631070573,Medium
Delhi,2026-04-27 19:21:22.505492,123.5,205.3,84.18,186.1,-0.03255262180719154,Medium
Delhi,2026-04-29 13:21:22.505492,122.11,206.88,68.45,185.4,-0.016928209614325174,Medium
Delhi,2026-04-29 19:21:22.505492,118.19,200.03,36.32,183.4,-0.041190473127617366,Medium
Delhi,2026-04-30 01:21:22.505492,214.19,357.95,3.55,264.1,-0.1354423470630941,High
Delhi,2026-05-01 13:21:22.505492,114.99,193.53,12.62,181.7,-0.018759724072635264,Medium
Delhi,2026-05-03 01:21:22.505492,111.55,167.34,63.07,179.9,-0.00493849094062071,Medium
Delhi,2026-05-08 07:21:22.505492,234.05,348.46,39.57,283.8,-0.11388156435644803,High
Delhi,2026-05-08 13:21:22.505492,250.62,430.26,18.5,301.1,-0.13983150847745873,High
Delhi,2026-05-09 07:21:22.505492,123.73,210.93,49.77,186.2,-0.0014564158981541508,Medium
Delhi,2026-05-10 01:21:22.505492,102.61,159.79,16.34,175.3,-0.020520296821245454,Medium
Delhi,2026-05-11 13:21:22.505492,143.35,222.95,54.11,196.4,-0.024014181631774156,Medium
Delhi,2026-05-12 07:21:22.505492,243.06,392.52,49.29,292.7,-0.12019183945689049,High
Delhi,2026-05-12 13:21:22.505492,110.57,169.76,44.78,179.4,-0.022841912174340173,Medium
Delhi,2026-05-13 13:21:22.505492,131.95,216.36,35.45,190.5,-0.008556920285198388,Medium
Delhi,2026-05-14 13:21:22.505492,128.7,187.87,66.34,188.8,-0.046448265429944735,Medium
Delhi,2026-05-14 19:21:22.505492,100.54,170.08,19.0,174.3,-0.002688370505769977,Medium
Delhi,2026-05-16 07:21:22.505492,129.09,191.34,82.64,189.0,-0.04448240045635621,Medium
Delhi,2026-05-16 13:21:22.505492,105.63,189.04,1.33,176.9,-0.049745686339963124,Medium
Delhi,2026-05-17 13:21:22.505492,127.37,198.33,55.67,188.1,-0.04215780835186067,Medium
Delhi,2026-05-19 13:21:22.505492,137.8,245.9,30.56,193.5,-0.04315922538073169,Medium
Delhi,2026-05-20 07:21:22.505492,106.47,187.75,65.17,177.3,-0.04950325069192596,Medium
Delhi,2026-05-21 07:21:22.505492,107.07,172.43,18.6,177.6,-0.03800973430811272,Medium
Delhi,2026-05-21 13:21:22.505492,129.81,228.63,44.91,189.4,-0.057318900443972254,Medium
Delhi,2026-05-22 01:21:22.505492,93.01,166.55,58.24,170.4,-0.010688113601813765,Medium
Delhi,2026-05-22 13:21:22.505492,104.83,184.54,33.13,176.5,-0.002873288605274915,Medium
Delhi,2026-05-24 01:21:22.505492,103.42,182.72,20.18,175.7,-0.023971028873432276,Medium
Delhi,2026-05-24 13:21:22.505492,126.92,223.34,61.54,187.9,-0.04149233345270009,Medium
Delhi,2026-05-25 13:21:22.505492,137.69,236.37,45.67,193.4,-0.032612049570230006,Medium
Delhi,2026-05-27 07:21:22.505492,208.74,339.01,59.18,258.7,-0.12945255434590053,High
Delhi,2026-05-27 13:21:22.505492,126.19,194.95,58.98,187.5,-0.029312527457758364,Medium
Delhi,2026-05-28 13:21:22.505492,107.95,156.32,6.21,178.1,-0.010599133288467844,Medium
Delhi,2026-05-29 07:21:22.505492,110.44,183.6,36.58,179.4,-0.0010589754188747857,Medium
Mumbai,2025-06-03 13:21:22.505492,168.66,245.33,51.0,219.0,-0.06269226799658678,Medium
Mumbai,2025-06-17 01:21:22.505492,147.14,220.86,43.46,198.3,-0.08365308172122399,Medium
Mumbai,2025-06-29 19:21:22.505492,144.57,216.4,36.29,197.0,-0.012268128290020441,Medium
Mumbai,2025-07-04 01:21:22.505492,138.43,234.02,35.68,193.8,-0.01962898722665818,Medium
Mumbai,2025-07-08 13:21:22.505492,165.06,276.35,59.08,215.4,-0.09516549836574395,Medium
Mumbai,2025-07-10 19:21:22.505492,147.57,214.26,80.47,198.5,-0.05193937717161057,Medium
Mumbai,2025-07-16 19:21:22.505492,167.24,300.77,49.48,217.6,-0.06837594351493614,Medium
Mumbai,2025-07-24 07:21:22.505492,149.95,235.79,10.16,199.8,-0.09268221147252509,Medium
Mumbai,2025-07-25 19:21:22.505492,146.63,209.72,56.36,198.1,-0.060185736253942745,Medium
Mumbai,2025-07-26 19:21:22.505492,157.51,247.41,16.94,207.9,-0.07387689085089166,Medium
Mumbai,2025-08-13 19:21:22.505492,138.21,247.98,42.41,193.7,-0.03759377604038283,Medium
Mumbai,2025-08-22 13:21:22.505492,145.9,261.93,25.89,197.7,-0.06794755186293111,Medium
Mumbai,2025-08-24 13:21:22.505492,157.92,284.25,65.32,208.4,-0.121340653489727,High
Mumbai,2025-08-26 19:21:22.505492,152.14,229.5,32.08,202.6,-0.022850006076078677,Medium
Mumbai,2025-08-27 01:21:22.505492,148.86,210.4,48.34,199.2,-0.013914411727157572,Medium
Mumbai,2025-09-05 01:21:22.505492,123.23,202.58,42.34,186.0,-0.05883367244962845,Medium
Mumbai,2025-09-28 01:21:22.505492,126.33,202.86,24.84,187.6,-0.006499252480846041,Medium
Mumbai,2025-09-28 07:21:22.505492,135.28,231.65,24.58,192.2,-0.03263319006893184,Medium
Mumbai,2025-10-11 13:21:22.505492,148.11,213.96,26.83,198.8,-0.039729706035637524,Medium
Mumbai,2025-10-12 13:21:22.505492,137.43,200.82,67.46,193.3,-0.08396252208320398,Medium
Mumbai,2025-10-16 13:21:22.505492,143.52,213.31,51.62,196.4,-0.028844521546067203,Medium
Mumbai,2025-10-22 07:21:22.505492,130.54,195.05,26.76,189.7,-0.015840979841372116,Medium
Mumbai,2025-10-27 01:21:22.505492,115.65,186.59,49.95,182.1,-0.0007538121944228315,Medium
Mumbai,2025-10-29 13:21:22.505492,143.79,207.65,33.57,196.6,-0.00418683051869817,Medium
Mumbai,2025-11-05 13:21:22.505492,151.54,269.56,42.64,202.0,-0.08873350326283769,Medium
Mumbai,2025-11-13 01:21:22.505492,153.72,255.49,67.69,204.2,-0.06570439310266085,Medium
Mumbai,2025-11-20 07:21:22.505492,135.14,209.09,57.48,192.1,-0.0312655544710535,Medium
Mumbai,2025-11-21 01:21:22.505492,33.45,55.23,73.88,95.9,-0.011889950690581963,Medium
Mumbai,2025-12-09 07:21:22.505492,132.71,230.88,9.97,190.9,-0.07114422662715802,Medium
Mumbai,2025-12-10 07:21:22.505492,135.9,193.88,27.76,192.5,-0.00542969340211219,Medium
Mumbai,2025-12-13 19:21:22.505492,143.72,224.17,10.49,196.6,-0.07410446138013849,Medium
Mumbai,2025-12-21 01:21:22.505492,148.54,248.98,39.6,199.0,-0.053925814721357934,Medium
Mumbai,2025-12-28 01:21:22.505492,138.01,216.88,47.35,193.6,-0.021131188819179303,Medium
Mumbai,2026-01-04 07:21:22.505492,161.74,235.99,41.72,212.1,-0.08335980764790163,Medium
Mumbai,2026-01-06 01:21:22.505492,142.87,207.93,25.16,196.1,-0.04637910160319014,Medium
Mumbai,2026-01-06 13:21:22.505492,165.7,232.87,24.23,216.1,-0.07857421634305473,Medium
Mumbai,2026-01-26 19:21:22.505492,146.95,210.93,26.2,198.2,-0.049509642298866785,Medium
Mumbai,2026-01-27 19:21:22.505492,146.21,211.5,41.42,197.8,-0.05990139987665055,Medium
Mumbai,2026-01-29 19:21:22.505492,141.88,234.04,37.46,195.6,-0.02984396279658119,Medium
Mumbai,2026-02-13 13:21:22.505492,172.82,270.44,48.27,223.1,-0.07251530129072292,Medium
Mumbai,2026-02-26 13:21:22.505492,175.59,270.32,33.63,225.9,-0.0852375365640442,Medium
Mumbai,2026-03-31 01:21:22.505492,149.86,232.38,46.26,199.7,-0.04426807183245807,Medium
Mumbai,2026-03-31 07:21:22.505492,172.19,272.33,41.93,222.5,-0.06896072954391219,Medium
Mumbai,2026-04-04 19:21:22.505492,71.01,124.98,76.77,159.0,-0.008462558872981307,Medium
Mumbai,2026-04-06 13:21:22.505492,176.33,289.35,39.41,226.6,-0.08936740141394606,Medium
Mumbai,2026-04-07 01:21:22.505492,157.51,222.7,27.54,207.9,-0.041207744970833016,Medium
Mumbai,2026-04-18 07:21:22.505492,165.16,285.4,18.2,215.5,-0.08992502133594493,Medium
Mumbai,2026-04-20 01:21:22.505492,153.96,215.57,57.26,204.4,-0.020106273316689793,Medium
Mumbai,2026-05-01 13:21:22.505492,86.52,146.87,67.91,167.0,-0.0005105934384387334,Medium
Mumbai,2026-05-16 19:21:22.505492,168.56,259.13,33.97,218.9,-0.06272655901803259,Medium
Mumbai,2026-05-17 19:21:22.505492,156.29,239.68,34.19,206.7,-0.05823240178423672,Medium
Mumbai,2026-05-18 01:21:22.505492,149.0,213.3,53.85,199.3,-0.03632484064722585,Medium
Mumbai,2026-05-21 13:21:22.505492,179.54,259.99,32.83,229.8,-0.0896297703695762,Medium
Mumbai,2026-05-22 19:21:22.505492,170.94,265.98,24.87,221.3,-0.08255847861539489,Medium
Mumbai,2026-05-27 13:21:22.505492,165.41,256.0,13.0,215.8,-0.08522809827898392,Medium
Beijing,2025-06-02 13:21:22.505492,98.12,156.43,53.93,173.0,-0.004828914568894227,Medium
Beijing,2025-06-09 13:21:22.505492,105.64,185.47,61.68,176.9,-0.04338302269974992,Medium
Beijing,2025-06-13 13:21:22.505492,173.87,248.02,61.01,224.2,-0.11898046159222186,High
Beijing,2025-06-18 19:21:22.505492,103.94,155.28,68.47,176.0,-0.05732158037772561,Medium
Beijing,2025-06-22 19:21:22.505492,181.86,323.92,41.02,232.1,-0.09867137763801093,Medium
Beijing,2025-06-29 07:21:22.505492,176.2,299.9,37.93,226.5,-0.08047181806087678,Medium
Beijing,2025-07-01 13:21:22.505492,155.87,242.16,72.27,206.3,-0.08358468019121434,Medium
Beijing,2025-07-18 19:21:22.505492,178.1,307.74,55.91,228.3,-0.07838194157573097,Medium
Beijing,2025-07-22 19:21:22.505492,171.58,300.18,32.66,221.9,-0.08357577632391566,Medium
Beijing,2025-07-23 07:21:22.505492,158.7,253.45,40.76,209.1,-0.04548196905933877,Medium
Beijing,2025-08-02 13:21:22.505492,92.19,161.95,12.59,169.9,-0.0392171226841499,Medium
Beijing,2025-08-03 01:21:22.505492,161.37,267.06,34.74,211.8,-0.07414168251271314,Medium
Beijing,2025-08-03 13:21:22.505492,157.3,251.29,65.13,207.7,-0.07290280155872852,Medium
Beijing,2025-08-05 19:21:22.505492,156.4,224.33,35.87,206.8,-0.03153881791999624,Medium
Beijing,2025-08-19 13:21:22.505492,192.31,314.86,54.34,242.4,-0.1089822402583237,High
Beijing,2025-09-14 19:21:22.505492,159.73,279.77,33.86,210.1,-0.06949617076237669,Medium
Beijing,2025-09-20 07:21:22.505492,59.64,105.54,76.02,153.1,-8.164090242601674e-05,Medium
Beijing,2025-09-22 19:21:22.505492,138.78,242.51,32.7,194.0,-0.03752938371655612,Medium
Beijing,2025-09-29 19:21:22.505492,182.08,304.63,30.34,232.3,-0.1061108796828284,High
Beijing,2025-10-02 13:21:22.505492,154.62,228.05,60.28,205.1,-0.08447660996591144,Medium
Beijing,2025-10-12 13:21:22.505492,177.82,304.49,51.62,228.1,-0.07618633567072974,Medium
Beijing,2025-10-24 07:21:22.505492,166.9,248.56,46.06,217.3,-0.058064478339034276,Medium
Beijing,2025-10-26 01:21:22.505492,139.17,213.0,23.97,194.2,-0.016446171805259202,Medium
Beijing,2025-10-29 13:21:22.505492,168.95,256.46,46.55,219.3,-0.05696434532174255,Medium
Beijing,2025-10-30 19:21:22.505492,161.65,246.8,38.12,212.1,-0.10097195885310073,High
Beijing,2025-11-22 07:21:22.505492,157.81,249.19,39.47,208.2,-0.0736835102314366,Medium
Beijing,2025-11-22 19:21:22.505492,150.84,215.22,60.67,201.3,-0.059520596595324604,Medium
Beijing,2025-11-23 07:21:22.505492,154.2,269.53,46.11,204.7,-0.08798612766751546,Medium
Beijing,2025-12-01 19:21:22.505492,186.73,291.12,44.44,236.9,-0.11207753913908836,High
Beijing,2025-12-02 13:21:22.505492,176.76,316.55,32.57,227.0,-0.08853110696246835,Medium
Beijing,2025-12-05 19:21:22.505492,153.29,247.19,35.87,203.8,-0.08348139261399767,Medium
Beijing,2025-12-13 01:21:22.505492,170.34,296.17,44.18,220.7,-0.10626300079213036,High
Beijing,2025-12-16 19:21:22.505492,73.79,124.44,0.0,160.4,-0.0004770212805412788,Medium
Beijing,2025-12-23 19:21:22.505492,58.16,99.23,20.81,152.4,-0.007382264431059937,Medium
Beijing,2025-12-24 13:21:22.505492,182.95,314.73,39.64,233.2,-0.09312357913834524,Medium
Beijing,2025-12-26 01:21:22.505492,150.7,232.58,39.72,201.2,-0.061923565071946296,Medium
Beijing,2026-01-04 19:21:22.505492,175.67,263.43,40.84,225.9,-0.04741513592780655,Medium
Beijing,2026-01-08 01:21:22.505492,154.94,247.28,42.36,205.4,-0.04974306239227544,Medium
Beijing,2026-01-26 07:21:22.505492,183.22,273.92,46.21,233.4,-0.0634273107681319,Medium
Beijing,2026-01-31 13:21:22.505492,97.55,170.88,76.0,172.7,-0.011754977252588228,Medium
Beijing,2026-02-04 19:21:22.505492,188.62,324.57,24.1,238.8,-0.10595675720558495,High
Beijing,2026-02-18 13:21:22.505492,109.29,178.53,66.51,178.8,-0.013160265857475095,Medium
Beijing,2026-02-20 07:21:22.505492,191.73,302.83,38.01,241.9,-0.08461414540030465,Medium
Beijing,2026-02-27 01:21:22.505492,171.91,301.69,56.12,222.2,-0.07934538794452617,Medium
Beijing,2026-03-03 13:21:22.505492,95.29,160.83,38.91,171.5,-0.005558101773355584,Medium
Beijing,2026-03-09 19:21:22.505492,114.85,196.43,49.21,181.6,-0.0744665713530851,Medium
Beijing,2026-03-22 13:21:22.505492,199.98,320.76,72.85,250.0,-0.133733473650539,High
Beijing,2026-03-23 13:21:22.505492,101.36,151.09,59.7,174.7,-0.02193550411576617,Medium
Beijing,2026-03-25 07:21:22.505492,93.43,153.73,65.0,170.6,-0.03747931129342119,Medium
Beijing,2026-04-03 07:21:22.505492,190.39,287.16,37.96,240.5,-0.08069395163550774,Medium
Beijing,2026-04-22 19:21:22.505492,200.82,297.76,24.37,250.9,-0.11401398682218633,High
Beijing,2026-05-01 13:21:22.505492,90.02,154.42,4.51,168.8,-0.019994642051337608,Medium
Beijing,2026-05-05 01:21:22.505492,169.78,249.82,49.28,220.1,-0.04744235755802051,Medium
Beijing,2026-05-20 01:21:22.505492,188.01,334.03,32.24,238.2,-0.09716487456305722,Medium
Beijing,2026-05-21 19:21:22.505492,185.84,305.51,33.05,236.0,-0.107088769469869,High
Beijing,2026-05-28 13:21:22.505492,111.55,179.04,15.32,179.9,-0.011203656607113532,Medium
Shanghai,2025-06-05 13:21:22.505492,142.36,214.81,36.79,195.8,-0.029953558534982383,Medium
Shanghai,2025-06-22 13:21:22.505492,139.08,250.33,23.76,194.2,-0.0906591110960695,Medium
Shanghai,2025-06-25 19:21:22.505492,152.49,273.93,63.78,203.0,-0.07611607605738069,Medium
Shanghai,2025-06-28 13:21:22.505492,136.88,231.38,35.98,193.0,-0.01695279718586773,Medium
Shanghai,2025-06-29 01:21:22.505492,117.27,201.86,47.6,182.9,-0.004259994016451052,Medium
Shanghai,2025-07-02 19:21:22.505492,122.71,203.99,50.59,185.7,-0.026035273013324756,Medium
Shanghai,2025-07-14 07:21:22.505492,121.6,185.99,17.29,185.1,-0.03561179226994404,Medium
Shanghai,2025-07-22 01:21:22.505492,120.67,206.17,36.79,184.7,-0.004302892935235114,Medium
Shanghai,2025-07-27 13:21:22.505492,144.71,238.37,80.11,197.1,-0.09163452157060503,Medium
Shanghai,2025-07-29 13:21:22.505492,143.71,227.43,46.38,196.5,-0.025160409213176638,Medium
Shanghai,2025-08-01 07:21:22.505492,122.17,181.93,53.57,185.4,-0.031449590752893775,Medium
Shanghai,2025-09-15 13:21:22.505492,127.24,181.58,50.17,188.0,-0.03882242811100811,Medium
Shanghai,2025-10-07 07:21:22.505492,119.64,187.4,50.16,184.1,-0.014856973508220794,Medium
Shanghai,2025-10-08 01:21:22.505492,105.34,173.51,36.33,176.7,-0.027679749822136723,Medium
Shanghai,2025-11-05 01:21:22.505492,107.25,184.33,76.89,177.7,-0.0784580817143854,Medium
Shanghai,2025-12-18 19:21:22.505492,126.02,198.02,60.16,187.4,-0.0392882289139046,Medium
Shanghai,2026-01-11 13:21:22.505492,131.86,194.45,16.5,190.4,-0.048886488893467805,Medium
Shanghai,2026-01-20 01:21:22.505492,125.91,204.19,30.5,187.4,-0.015075565449785056,Medium
Shanghai,2026-01-26 19:21:22.505492,127.0,182.4,14.22,187.9,-0.0433571660626737,Medium
Shanghai,2026-01-28 07:21:22.505492,123.12,188.73,46.57,185.9,-0.06297996827059138,Medium
Shanghai,2026-02-27 13:21:22.505492,153.34,265.68,40.01,203.8,-0.05606716716513316,Medium
Shanghai,2026-03-09 19:21:22.505492,123.3,191.91,12.62,186.0,-0.016196742031388656,Medium
Shanghai,2026-03-16 19:21:22.505492,137.87,243.51,58.66,193.5,-0.04969697379240057,Medium
Shanghai,2026-03-21 01:21:22.505492,131.26,205.2,76.38,190.1,-0.03817555789063665,Medium
Shanghai,2026-03-26 01:21:22.505492,130.55,192.03,62.19,189.7,-0.024716254034931162,Medium
Shanghai,2026-04-03 13:21:22.505492,144.93,227.18,34.57,197.2,-0.02040045728074824,Medium
Shanghai,2026-04-25 01:21:22.505492,131.32,227.3,42.59,190.1,-0.028443961647711347,Medium
Shanghai,2026-04-28 13:21:22.505492,143.99,210.07,33.69,196.7,-0.04344310490336056,Medium
Shanghai,2026-05-18 07:21:22.505492,142.54,236.36,55.41,195.9,-0.08587366548267461,Medium
Shanghai,2026-05-22 07:21:22.505492,144.82,208.83,49.78,197.1,-0.011614048821861678,Medium
Los Angeles,2025-07-06 07:21:22.505492,26.78,42.74,67.83,81.9,-0.0028500302354299567,Medium
Los Angeles,2025-09-08 19:21:22.505492,2.06,3.3,70.15,8.6,-0.0011102569519634287,Medium
Los Angeles,2025-12-10 01:21:22.505492,5.87,8.83,9.37,24.5,-0.005421471693136781,Medium
Los Angeles,2025-12-23 01:21:22.505492,10.98,18.53,79.66,45.8,-0.021196991847396873,Medium
Los Angeles,2026-02-16 01:21:22.505492,19.57,33.3,61.98,66.7,-0.007834328798504209,Medium
Los Angeles,2026-04-10 13:21:22.505492,93.56,154.89,68.77,170.7,-0.020045417163456647,Medium
Los Angeles,2026-04-25 01:21:22.505492,28.84,41.34,8.38,86.2,-0.003098139777649944,Medium
New York,2025-07-10 07:21:22.505492,19.65,29.17,62.6,66.9,-0.0022620627057329257,Medium
New York,2025-07-30 19:21:22.505492,18.2,30.51,7.23,63.8,-0.0036962563787522607,Medium
New York,2025-08-08 01:21:22.505492,5.17,7.49,0.8,21.6,-0.01804070137208713,Medium
New York,2025-08-16 01:21:22.505492,3.28,5.04,93.04,13.7,-0.038221347595615685,Medium
New York,2025-08-25 01:21:22.505492,5.5,8.5,14.96,22.9,-0.02286764807556818,Medium
New York,2025-10-03 19:21:22.505492,4.44,7.21,66.76,18.5,-0.019168584942021782,Medium
New York,2025-10-07 01:21:22.505492,1.0,1.58,62.76,4.2,-0.0069543170800034915,Medium
New York,2025-10-19 01:21:22.505492,1.0,1.71,35.84,4.2,-0.009470042836985049,Medium
New York,2025-10-26 19:21:22.505492,3.72,5.28,13.77,15.5,-0.020181208200470424,Medium
New York,2025-11-22 19:21:22.505492,3.53,6.04,63.13,14.7,-0.002483815726738059,Medium
New York,2025-12-07 01:21:22.505492,1.61,2.4,64.18,6.7,-0.00023913737569458693,Medium
New York,2025-12-14 07:21:22.505492,9.79,13.86,10.54,40.8,-0.023468769579844895,Medium
New York,2025-12-29 01:21:22.505492,11.06,16.67,6.33,46.1,-0.006146358952937692,Medium
New York,2026-01-10 19:21:22.505492,17.37,24.65,15.38,62.1,-0.0074473004951645105,Medium
New York,2026-02-14 13:21:22.505492,34.51,58.63,81.95,98.1,-0.018535365563277506,Medium
New York,2026-02-16 13:21:22.505492,34.35,56.08,45.53,97.8,-0.0021199838712840924,Medium
New York,2026-04-24 19:21:22.505492,25.08,38.57,1.6,78.3,-0.03005075601131313,Medium
London,2025-07-04 01:21:22.505492,6.62,9.31,44.55,27.6,-0.009475902622605004,Medium
London,2025-07-12 07:21:22.505492,14.36,21.02,72.43,55.8,-0.011030153175846324,Medium
London,2025-09-17 19:21:22.505492,1.0,1.59,70.15,4.2,-0.007527345759937187,Medium
London,2025-10-05 01:21:22.505492,1.0,1.74,27.45,4.2,-0.03118830806626527,Medium
London,2025-10-10 13:21:22.505492,12.53,20.27,77.08,51.9,-0.02835261399838196,Medium
London,2025-10-30 01:21:22.505492,1.0,1.73,67.07,4.2,-0.0010238471287915551,Medium
London,2025-10-31 19:21:22.505492,1.0,1.54,12.09,4.2,-0.0315895935558651,Medium
London,2025-11-08 19:21:22.505492,1.0,1.44,3.8,4.2,-0.017051907253303744,Medium
London,2025-11-13 01:21:22.505492,1.0,1.74,22.53,4.2,-0.010898458245395592,Medium
London,2025-12-12 19:21:22.505492,1.62,2.5,41.33,6.8,-0.0009370928094386555,Medium
London,2025-12-31 01:21:22.505492,1.0,1.76,28.99,4.2,-0.016205884882338095,Medium
London,2026-01-16 13:21:22.505492,23.86,33.93,83.54,75.7,-0.007413794663877482,Medium
London,2026-01-17 19:21:22.505492,14.0,21.13,58.36,55.0,-0.010299917438607253,Medium
Paris,2025-06-22 13:21:22.505492,33.21,57.56,64.31,95.4,-0.026473224625860214,Medium
Paris,2025-08-02 01:21:22.505492,1.0,1.49,0.0,4.2,-0.006935070955323419,Medium
Paris,2025-08-07 01:21:22.505492,3.13,5.61,0.0,13.1,-0.004053070268336456,Medium
Paris,2025-08-13 01:21:22.505492,1.05,1.81,23.86,4.4,-0.001075940762378047,Medium
Paris,2025-08-23 19:21:22.505492,8.55,12.48,0.0,35.6,-0.028396883410482188,Medium
Paris,2025-09-05 19:21:22.505492,1.0,1.41,74.29,4.2,-0.012888173466931718,Medium
Paris,2025-09-23 07:21:22.505492,4.83,7.18,15.7,20.1,-0.011030764164494222,Medium
Paris,2025-10-04 01:21:22.505492,1.0,1.45,13.97,4.2,-0.005611192088012529,Medium
Paris,2025-10-14 19:21:22.505492,1.0,1.77,72.7,4.2,-0.0003154049991350716,Medium
Paris,2025-10-26 19:21:22.505492,1.0,1.59,9.16,4.2,-0.0007579651682847466,Medium
Paris,2025-11-25 19:21:22.505492,1.0,1.72,66.03,4.2,-0.003023595186111727,Medium
Paris,2026-03-15 19:21:22.505492,29.29,49.69,11.68,87.1,-0.005102860658455555,Medium
Paris,2026-04-23 19:21:22.505492,30.14,49.9,0.13,88.9,-0.009602780685336376,Medium
Tokyo,2025-07-02 01:21:22.505492,21.51,35.6,1.33,70.8,-0.029128527502314205,Medium
Tokyo,2025-08-06 07:21:22.505492,14.8,21.93,0.0,56.7,-0.008000965007763705,Medium
Tokyo,2025-09-17 07:21:22.505492,18.25,25.85,18.71,63.9,-0.006104361831728022,Medium
Tokyo,2025-10-01 01:21:22.505492,5.47,8.47,23.28,22.8,-0.008407267602690949,Medium
Tokyo,2025-10-16 19:21:22.505492,4.86,7.21,13.82,20.3,-0.007848954596436308,Medium
Tokyo,2025-10-20 01:21:22.505492,1.0,1.63,34.39,4.2,-0.00043324009189027457,Medium
Tokyo,2025-11-29 19:21:22.505492,7.49,11.22,0.0,31.2,-0.013277857896295875,Medium
Tokyo,2026-01-04 07:21:22.505492,28.46,47.95,83.92,85.4,-0.0068833249701008015,Medium
São Paulo,2025-06-06 01:21:22.505492,101.0,179.89,0.0,174.5,-0.03719019766418419,Medium
São Paulo,2025-08-07 01:21:22.505492,16.38,23.92,1.31,60.0,-0.024746022088644404,Medium
São Paulo,2025-11-03 19:21:22.505492,26.14,38.79,3.62,80.5,-0.006167024171926383,Medium
São Paulo,2026-04-01 01:21:22.505492,103.3,174.19,71.63,175.7,-0.03405514937310028,Medium
São Paulo,2026-05-14 13:21:22.505492,127.97,225.49,70.65,188.4,-0.10114704902571425,High
São Paulo,2026-05-22 13:21:22.505492,117.89,211.74,21.17,183.2,-0.04144121390851796,Medium
São Paulo,2026-05-29 07:21:22.505492,112.49,189.4,12.04,180.4,-0.02478359742261549,Medium
Cairo,2025-06-11 01:21:22.505492,71.13,109.79,6.7,159.1,-0.011082044668123237,Medium
Cairo,2025-06-11 13:21:22.505492,98.82,153.01,71.29,173.4,-0.04063829134544672,Medium
Cairo,2025-06-13 07:21:22.505492,76.08,108.63,55.83,161.6,-0.00022184879871256502,Medium
Cairo,2025-06-18 01:21:22.505492,160.57,230.66,33.95,211.0,-0.05046392120248022,Medium
Cairo,2025-06-18 07:21:22.505492,171.17,277.73,50.81,221.5,-0.07736635501030242,Medium
Cairo,2025-06-26 07:21:22.505492,181.82,289.2,31.9,232.0,-0.0801313200440451,Medium
Cairo,2025-06-30 07:21:22.505492,170.73,250.56,63.24,221.0,-0.07640190149111048,Medium
Cairo,2025-07-03 01:21:22.505492,156.85,255.38,27.68,207.3,-0.052677283538328235,Medium
Cairo,2025-07-14 19:21:22.505492,175.31,310.4,50.51,225.6,-0.0984308646588663,Medium
Cairo,2025-07-30 13:21:22.505492,102.23,181.51,69.55,175.1,-0.013435157804095876,Medium
Cairo,2025-08-02 07:21:22.505492,163.38,286.13,47.63,213.8,-0.06937213100862083,Medium
Cairo,2025-08-05 13:21:22.505492,158.66,263.92,25.68,209.1,-0.07251905142671522,Medium
Cairo,2025-08-12 01:21:22.505492,152.35,250.49,60.33,202.8,-0.0769016451556278,Medium
Cairo,2025-08-12 07:21:22.505492,154.16,257.89,57.6,204.6,-0.05344087017237431,Medium
Cairo,2025-08-28 01:21:22.505492,146.19,260.06,45.26,197.8,-0.04258039066583186,Medium
Cairo,2025-09-20 01:21:22.505492,139.22,213.04,32.59,194.2,-0.03068898088647609,Medium
Cairo,2025-10-01 07:21:22.505492,146.27,205.38,57.01,197.9,-0.046979495919394765,Medium
Cairo,2025-10-04 07:21:22.505492,144.65,256.87,25.19,197.0,-0.07277748556338837,Medium
Cairo,2025-10-11 07:21:22.505492,134.83,198.58,74.72,192.0,-0.044966639635207084,Medium
Cairo,2025-10-24 01:21:22.505492,131.45,223.67,2.71,190.2,-0.06465304820174211,Medium
Cairo,2025-11-19 19:21:22.505492,131.0,214.77,35.32,190.0,-0.0101084920961646,Medium
Cairo,2025-11-25 19:21:22.505492,149.79,246.93,38.1,199.7,-0.03778728093660633,Medium
Cairo,2025-11-28 19:21:22.505492,138.0,201.02,31.3,193.6,-0.023368591417671558,Medium
Cairo,2025-12-03 01:21:22.505492,150.09,250.6,66.14,199.8,-0.06561856669179278,Medium
Cairo,2025-12-11 07:21:22.505492,151.28,247.38,64.54,201.8,-0.05960973534843228,Medium
Cairo,2025-12-12 07:21:22.505492,143.84,203.65,28.87,196.6,-0.004608088465818727,Medium
Cairo,2025-12-13 19:21:22.505492,51.97,75.72,0.88,141.6,-0.009371672482624827,Medium
Cairo,2025-12-15 13:21:22.505492,168.85,265.52,33.59,219.2,-0.06260941419215094,Medium
Cairo,2025-12-18 13:21:22.505492,179.7,319.85,23.23,229.9,-0.09258048727715718,Medium
Cairo,2025-12-25 19:21:22.505492,147.56,250.03,46.16,198.5,-0.08596386325819128,Medium
Cairo,2025-12-28 13:21:22.505492,178.9,308.27,48.95,229.1,-0.08509513378915512,Medium
Cairo,2026-01-02 13:21:22.505492,167.95,236.53,48.44,218.3,-0.06686053760561184,Medium
Cairo,2026-01-04 19:21:22.505492,151.9,249.98,41.2,202.4,-0.04082829348855321,Medium
Cairo,2026-01-28 07:21:22.505492,157.82,249.1,14.36,208.3,-0.09087806563874101,Medium
Cairo,2026-02-13 19:21:22.505492,153.93,274.54,41.62,204.4,-0.06288635774470897,Medium
Cairo,2026-02-27 07:21:22.505492,81.97,135.12,19.22,164.7,-0.010326748025557886,Medium
Cairo,2026-02-27 13:21:22.505492,99.78,173.83,35.15,173.9,-0.020123374613504774,Medium
Cairo,2026-03-02 13:21:22.505492,115.64,188.0,70.63,182.1,-0.054963752150385514,Medium
Cairo,2026-03-02 19:21:22.505492,170.96,262.62,39.57,221.3,-0.055016220599511945,Medium
Cairo,2026-03-04 19:21:22.505492,88.99,156.6,68.95,168.3,-0.0006434509648644005,Medium
Cairo,2026-03-06 13:21:22.505492,82.6,135.2,6.02,165.0,-0.0032943099649100915,Medium
Cairo,2026-03-09 19:21:22.505492,81.58,140.96,70.82,164.5,-0.02415685176733262,Medium
Cairo,2026-03-20 07:21:22.505492,79.89,124.95,47.35,163.6,-0.03084026032146925,Medium
Cairo,2026-03-21 13:21:22.505492,174.72,259.98,76.14,225.0,-0.09300953092667796,Medium
Cairo,2026-04-14 07:21:22.505492,101.52,156.6,65.67,174.8,-0.0009978724075635492,Medium
Cairo,2026-04-27 01:21:22.505492,156.24,243.09,21.95,206.7,-0.08462951411504882,Medium
Cairo,2026-04-28 07:21:22.505492,79.59,129.46,76.2,163.4,-0.0033395896243298973,Medium
Cairo,2026-04-30 13:21:22.505492,181.35,264.15,61.17,231.6,-0.08100537311764655,Medium
Cairo,2026-05-05 01:21:22.505492,188.22,269.94,34.45,238.4,-0.08717587957889783,Medium
Cairo,2026-05-08 07:21:22.505492,83.13,143.82,56.69,165.3,-0.040658880127218855,Medium
Cairo,2026-05-11 13:21:22.505492,178.46,300.35,28.34,228.7,-0.09226309976098801,Medium
Cairo,2026-05-14 13:21:22.505492,192.17,332.48,11.56,242.3,-0.1325762430435785,High
Cairo,2026-05-25 07:21:22.505492,91.14,142.3,0.0,169.4,-0.026779318572694777,Medium
Cairo,2026-05-27 07:21:22.505492,185.9,267.4,21.88,236.1,-0.09817410289318951,Medium
Lahore,2025-05-29 07:21:22.505492,217.91,385.37,48.7,267.8,-0.12131444768358857,High
Lahore,2025-05-30 07:21:22.505492,96.08,148.05,62.96,172.0,-0.0034674225693036576,Medium
Lahore,2025-05-30 19:21:22.505492,123.51,184.06,22.33,186.1,-0.02916504288679511,Medium
Lahore,2025-05-31 13:21:22.505492,119.76,208.96,17.65,184.2,-0.021049207641880674,Medium
Lahore,2025-06-03 13:21:22.505492,111.73,157.11,51.68,180.0,-0.015593221677098978,Medium
Lahore,2025-06-05 07:21:22.505492,102.27,155.68,75.84,175.2,-0.035817210277414135,Medium
Lahore,2025-06-09 13:21:22.505492,235.34,385.2,30.56,285.1,-0.107633793870059,High
Lahore,2025-06-10 19:21:22.505492,91.53,156.87,5.63,169.6,-0.024882854394523646,Medium
Lahore,2025-06-11 13:21:22.505492,107.92,187.25,63.0,178.1,-0.005602554108994795,Medium
Lahore,2025-06-12 13:21:22.505492,107.36,190.46,75.21,177.8,-0.04969122202576004,Medium
Lahore,2025-06-14 07:21:22.505492,192.13,281.27,60.05,242.3,-0.0921308836078979,Medium
Lahore,2025-06-14 13:21:22.505492,103.06,169.75,8.34,175.6,-0.03591607082960557,Medium
Lahore,2025-06-16 13:21:22.505492,127.55,212.95,0.0,188.2,-0.05889530444468605,Medium
Lahore,2025-06-20 19:21:22.505492,97.05,155.96,63.06,172.5,-0.0089098391104534,Medium
Lahore,2025-06-23 13:21:22.505492,72.65,115.51,3.55,159.9,-0.004097928302012721,Medium
Lahore,2025-06-24 19:21:22.505492,103.24,185.21,8.71,175.6,-0.021861809181057623,Medium
Lahore,2025-06-25 01:21:22.505492,91.6,151.79,71.93,169.6,-4.406346094454339e-05,Medium
Lahore,2025-06-27 07:21:22.505492,108.56,153.17,12.59,178.4,-0.012008387474632176,Medium
Lahore,2025-06-30 01:21:22.505492,196.63,347.39,32.77,246.7,-0.1356670902299295,High
Lahore,2025-06-30 13:21:22.505492,108.31,192.32,46.05,178.3,-0.00041414733678513116,Medium
Lahore,2025-07-03 13:21:22.505492,105.23,154.03,24.39,176.7,-0.00334578587590606,Medium
Lahore,2025-07-08 01:21:22.505492,210.3,371.94,47.51,260.3,-0.10702900599610432,High
Lahore,2025-07-10 13:21:22.505492,104.1,186.36,22.22,176.1,-0.012157368481955588,Medium
Lahore,2025-07-11 07:21:22.505492,214.85,303.27,42.49,264.8,-0.09541092915598637,Medium
Lahore,2025-07-21 13:21:22.505492,222.36,380.73,19.98,272.2,-0.13050954986957197,High
Lahore,2025-07-21 19:21:22.505492,98.1,142.05,73.89,173.0,-0.009431986376903234,Medium
Lahore,2025-07-23 07:21:22.505492,88.94,147.35,66.23,168.3,-0.017004455345528968,Medium
Lahore,2025-07-25 19:21:22.505492,192.09,326.87,62.96,242.2,-0.127708408665555,High
Lahore,2025-07-27 01:21:22.505492,192.99,298.01,42.52,243.1,-0.12555152896909416,High
Lahore,2025-07-29 07:21:22.505492,102.5,144.35,8.8,175.3,-0.014830356080949403,Medium
Lahore,2025-07-31 07:21:22.505492,207.04,309.67,54.78,257.0,-0.10667024754733156,High
Lahore,2025-08-07 01:21:22.505492,193.64,293.13,28.98,243.7,-0.09873192440982725,Medium
Lahore,2025-08-07 07:21:22.505492,187.02,297.73,40.56,237.2,-0.12910717060949262,High
Lahore,2025-08-11 13:21:22.505492,88.51,153.2,65.73,168.0,-0.01659264546746464,Medium
Lahore,2025-08-23 01:21:22.505492,200.72,304.02,55.8,250.8,-0.12591500428067304,High
Lahore,2025-08-26 07:21:22.505492,90.99,132.58,69.49,169.3,-0.0160180392071253,Medium
Lahore,2025-08-26 13:21:22.505492,105.71,148.78,63.7,176.9,-0.00386753722546207,Medium
Lahore,2025-08-30 07:21:22.505492,225.47,325.81,60.42,275.3,-0.11305557472695937,High
Lahore,2025-08-30 13:21:22.505492,114.63,197.31,26.73,181.5,-0.003968728135190891,Medium
Lahore,2025-09-02 01:21:22.505492,196.0,349.16,45.1,246.1,-0.11485558896562786,High
Lahore,2025-09-04 19:21:22.505492,204.24,326.76,20.43,254.3,-0.11222447117426004,High
Lahore,2025-09-20 13:21:22.505492,72.67,123.96,42.45,159.9,-0.004181528576450821,Medium
Lahore,2025-09-30 13:21:22.505492,215.78,325.11,9.9,265.7,-0.12369076621511388,High
Lahore,2025-10-15 07:21:22.505492,207.77,308.6,69.14,257.8,-0.10980865764847503,High
Lahore,2025-10-25 07:21:22.505492,200.2,293.51,27.63,250.2,-0.10480916849522437,High
Lahore,2025-10-28 07:21:22.505492,205.62,307.17,48.84,255.6,-0.12685242250904372,High
Lahore,2025-11-04 13:21:22.505492,228.23,399.41,24.91,278.0,-0.12681353794923256,High
Lahore,2025-11-05 01:21:22.505492,193.21,330.49,18.5,243.3,-0.1212110487125625,High
Lahore,2025-11-09 07:21:22.505492,194.76,305.4,25.11,244.9,-0.09094693733828385,Medium
Lahore,2025-11-13 13:21:22.505492,94.66,166.3,68.55,171.2,-0.019392952322028312,Medium
Lahore,2025-11-16 01:21:22.505492,187.27,305.41,24.2,237.4,-0.12457810428835947,High
Lahore,2025-11-21 01:21:22.505492,205.76,354.46,22.27,255.8,-0.13835534140084116,High
Lahore,2025-11-23 01:21:22.505492,210.4,321.95,25.37,260.4,-0.12651229767326888,High
Lahore,2025-12-03 13:21:22.505492,123.92,195.96,53.71,186.3,-0.04974619801663538,Medium
Lahore,2025-12-13 19:21:22.505492,194.81,340.53,34.04,244.9,-0.09387693054069934,Medium
Lahore,2025-12-16 07:21:22.505492,204.56,290.45,43.11,254.6,-0.09789651927634546,Medium
Lahore,2025-12-21 19:21:22.505492,183.68,304.97,34.42,233.9,-0.08770381454629972,Medium
Lahore,2025-12-24 07:21:22.505492,195.39,340.65,28.52,245.5,-0.1086723957325737,High
Lahore,2026-01-02 01:21:22.505492,227.0,386.92,18.2,276.8,-0.12198244979071748,High
Lahore,2026-01-05 07:21:22.505492,101.92,177.92,60.54,175.0,-0.00938220532150047,Medium
Lahore,2026-01-13 01:21:22.505492,215.49,335.01,32.48,265.4,-0.11302501053754477,High
Lahore,2026-01-18 07:21:22.505492,226.1,320.19,27.58,275.9,-0.1127221305406172,High
Lahore,2026-01-22 13:21:22.505492,217.47,351.16,31.78,267.4,-0.11287782579538619,High
Lahore,2026-01-26 07:21:22.505492,84.1,145.79,79.08,165.8,-0.0026375950347193866,Medium
Lahore,2026-01-30 07:21:22.505492,215.64,331.63,38.78,265.6,-0.11381544590275461,High
Lahore,2026-01-31 01:21:22.505492,177.98,303.56,29.85,228.2,-0.11751900050016939,High
Lahore,2026-01-31 13:21:22.505492,113.81,188.68,18.53,181.1,-0.04640414029871365,Medium
Lahore,2026-01-31 19:21:22.505492,202.23,304.32,29.42,252.3,-0.10492610691386328,High
Lahore,2026-02-01 07:21:22.505492,111.03,171.9,49.64,179.7,-0.056780873939223375,Medium
Lahore,2026-02-02 07:21:22.505492,105.17,170.81,63.52,176.6,-0.02881617909665679,Medium
Lahore,2026-02-03 07:21:22.505492,118.84,176.33,24.18,183.7,-0.0006417339449917847,Medium
Lahore,2026-02-07 01:21:22.505492,201.06,357.2,53.19,251.1,-0.09900318973169964,Medium
Lahore,2026-02-09 07:21:22.505492,107.03,180.17,28.43,177.6,-0.011855527206667493,Medium
Lahore,2026-02-10 13:21:22.505492,103.17,171.33,81.57,175.6,-0.004916603185685875,Medium
Lahore,2026-02-10 19:21:22.505492,228.31,372.49,41.64,278.1,-0.11751730214902856,High
Lahore,2026-02-13 13:21:22.505492,226.38,324.97,54.38,276.2,-0.12366951906512824,High
Lahore,2026-02-20 07:21:22.505492,227.5,406.69,51.88,277.3,-0.1401958998902244,High
Lahore,2026-02-21 13:21:22.505492,220.38,309.32,23.96,270.2,-0.12736633541602538,High
Lahore,2026-02-23 13:21:22.505492,100.97,172.07,52.45,174.5,-0.00454750886637334,Medium
Lahore,2026-02-26 19:21:22.505492,113.94,188.38,35.2,181.2,-0.0037682691578750926,Medium
Lahore,2026-03-02 01:21:22.505492,78.94,129.29,66.33,163.1,-0.010938041896262685,Medium
Lahore,2026-03-03 07:21:22.505492,103.14,171.41,53.53,175.6,-0.03475227495651134,Medium
Lahore,2026-03-04 19:21:22.505492,112.84,183.49,45.82,180.6,-0.0006128807513963164,Medium
Lahore,2026-03-07 07:21:22.505492,136.52,232.04,38.96,192.8,-0.06847379965620515,Medium
Lahore,2026-03-07 13:21:22.505492,120.84,215.33,65.0,184.7,-0.04558269301495366,Medium
Lahore,2026-03-10 07:21:22.505492,119.92,169.51,35.85,184.3,-0.0005663460072328208,Medium
Lahore,2026-03-11 07:21:22.505492,125.67,196.26,45.42,187.2,-0.011348508728770468,Medium
Lahore,2026-03-11 13:21:22.505492,127.3,216.15,41.21,188.1,-0.018759445114357454,Medium
Lahore,2026-03-13 13:21:22.505492,140.3,220.01,62.39,194.8,-0.04594191439163642,Medium
Lahore,2026-03-17 19:21:22.505492,97.46,155.25,69.25,172.7,-0.02094377772229261,Medium
Lahore,2026-03-24 13:21:22.505492,121.82,185.2,64.04,185.2,-0.02215531567792617,Medium
Lahore,2026-03-24 19:21:22.505492,251.88,375.43,38.86,302.1,-0.1083260941023031,High
Lahore,2026-03-26 07:21:22.505492,111.27,188.61,43.42,179.8,-0.02620309476418181,Medium
Lahore,2026-03-27 13:21:22.505492,123.34,194.05,65.81,186.0,-0.0011011511193280699,Medium
Lahore,2026-03-28 07:21:22.505492,115.65,205.71,38.42,182.1,-0.011364562406607881,Medium
Lahore,2026-03-29 19:21:22.505492,223.03,327.45,54.4,272.9,-0.1168840290895573,High
Lahore,2026-03-30 07:21:22.505492,104.92,171.28,34.07,176.5,-0.00412070159473521,Medium
Lahore,2026-03-31 13:21:22.505492,124.58,175.53,21.59,186.7,-0.018392511874285145,Medium
Lahore,2026-04-01 01:21:22.505492,194.33,332.97,65.49,244.4,-0.1392907777092568,High
Lahore,2026-04-01 07:21:22.505492,116.21,208.53,18.45,182.3,-0.07509633339593857,Medium
Lahore,2026-04-04 13:21:22.505492,112.13,168.01,82.09,180.2,-0.041776401892518855,Medium
Lahore,2026-04-04 19:21:22.505492,238.79,383.03,56.35,288.5,-0.1441144925656439,High
Lahore,2026-04-05 07:21:22.505492,215.38,380.69,21.17,265.3,-0.11912284967483588,High
Lahore,2026-04-06 07:21:22.505492,109.04,189.58,20.32,178.6,-0.002921152186923792,Medium
Lahore,2026-04-07 13:21:22.505492,122.48,216.15,39.27,185.6,-0.004278626818884801,Medium
Lahore,2026-04-08 19:21:22.505492,213.21,372.68,50.92,263.1,-0.1477848861188541,High
Lahore,2026-04-09 01:21:22.505492,121.01,214.23,59.79,184.8,-0.020656709907035276,Medium
Lahore,2026-04-09 13:21:22.505492,114.59,184.23,35.34,181.5,-0.002747551332046183,Medium
Lahore,2026-04-11 13:21:22.505492,135.65,227.82,28.43,192.4,-0.03584966163609671,Medium
Lahore,2026-04-12 13:21:22.505492,139.46,205.66,48.57,194.4,-0.0021908094489083707,Medium
Lahore,2026-04-14 13:21:22.505492,130.68,226.54,22.33,189.8,-0.04583823243373408,Medium
Lahore,2026-04-15 07:21:22.505492,219.99,358.33,21.3,269.9,-0.1153841555771018,High
Lahore,2026-04-18 07:21:22.505492,120.24,185.95,30.32,184.4,-0.010209696344368524,Medium
Lahore,2026-04-19 01:21:22.505492,118.74,209.11,12.56,183.7,-0.02703071975711746,Medium
Lahore,2026-04-19 13:21:22.505492,92.82,166.09,56.67,170.3,-0.007386507718809887,Medium
Lahore,2026-04-20 01:21:22.505492,91.03,156.14,4.53,169.3,-0.03037145700723054,Medium
Lahore,2026-04-21 07:21:22.505492,102.36,182.8,55.09,175.2,-0.03306348632542322,Medium
Lahore,2026-04-24 07:21:22.505492,221.17,316.23,48.13,271.0,-0.10804363861842592,High
Lahore,2026-04-25 13:21:22.505492,107.66,171.86,56.28,177.9,-0.014308576181839783,Medium
Lahore,2026-04-26 13:21:22.505492,104.97,177.25,48.79,176.5,-0.009361121153675822,Medium
Lahore,2026-04-26 19:21:22.505492,95.65,148.68,73.29,171.7,-0.03366288387911931,Medium
Lahore,2026-04-27 01:21:22.505492,102.2,179.17,62.93,175.1,-0.048532586964197266,Medium
Lahore,2026-04-29 13:21:22.505492,126.53,177.56,27.0,187.7,-0.003992578850459005,Medium
Lahore,2026-04-29 19:21:22.505492,116.26,178.33,51.02,182.4,-0.021328814804367546,Medium
Lahore,2026-05-04 19:21:22.505492,114.46,163.46,48.17,181.4,-0.027361918585123934,Medium
Lahore,2026-05-07 13:21:22.505492,109.73,172.05,87.7,179.0,-0.019579454322941614,Medium
Lahore,2026-05-10 13:21:22.505492,130.85,228.69,51.97,189.9,-0.034638605046844795,Medium
Lahore,2026-05-15 01:21:22.505492,68.74,122.69,64.06,157.8,-0.011823543728114894,Medium
Lahore,2026-05-16 13:21:22.505492,116.31,197.43,43.58,182.4,-0.007667523632458595,Medium
Lahore,2026-05-19 07:21:22.505492,107.51,192.06,70.52,177.9,-0.027724337300211177,Medium
Lahore,2026-05-20 19:21:22.505492,90.24,133.83,10.36,168.9,-0.00756013737446759,Medium
Lahore,2026-05-23 07:21:22.505492,113.82,201.16,0.0,181.1,-0.049871791378122254,Medium
Lahore,2026-05-23 13:21:22.505492,234.2,398.11,22.93,283.9,-0.12660603944261672,High
Lahore,2026-05-25 13:21:22.505492,96.72,143.61,76.57,172.3,-0.023213823970337555,Medium
Lahore,2026-05-29 07:21:22.505492,115.24,168.83,25.57,181.8,-0.015717827640016835,Medium
Dhaka,2025-06-04 07:21:22.505492,98.1,164.07,25.59,173.0,-0.011870273378173035,Medium
Dhaka,2025-06-14 13:21:22.505492,108.97,173.06,51.34,178.6,-0.013455646820730083,Medium
Dhaka,2025-06-15 13:21:22.505492,102.77,183.84,69.1,175.4,-0.005125216478899963,Medium
Dhaka,2025-06-17 07:21:22.505492,78.09,122.79,68.43,162.7,-0.012855723777331352,Medium
Dhaka,2025-06-19 07:21:22.505492,222.8,342.39,21.86,272.6,-0.11457100140643517,High
Dhaka,2025-07-09 07:21:22.505492,192.75,291.91,33.01,242.9,-0.10131415777335817,High
Dhaka,2025-07-10 13:21:22.505492,87.7,147.99,81.42,167.6,-0.02166328715135657,Medium
Dhaka,2025-07-16 13:21:22.505492,109.76,172.83,72.45,179.0,-0.005070890561724939,Medium
Dhaka,2025-07-19 19:21:22.505492,195.21,349.25,25.66,245.3,-0.11617631234776726,High
Dhaka,2025-07-23 07:21:22.505492,113.9,180.19,17.72,181.2,-0.011205457335040636,Medium
Dhaka,2025-07-26 01:21:22.505492,202.21,287.01,62.64,252.2,-0.1312477767980097,High
Dhaka,2025-07-29 07:21:22.505492,102.41,147.79,2.25,175.2,-0.0118082318639674,Medium
Dhaka,2025-08-05 07:21:22.505492,168.82,257.47,72.56,219.2,-0.08034268314796034,Medium
Dhaka,2025-08-15 01:21:22.505492,74.02,121.3,81.1,160.6,-0.016678106932512815,Medium
Dhaka,2025-08-15 19:21:22.505492,186.08,261.66,18.17,236.3,-0.08629680892390112,Medium
Dhaka,2025-08-17 13:21:22.505492,94.03,168.89,62.61,170.9,-0.006716078730699682,Medium
Dhaka,2025-09-11 19:21:22.505492,184.09,267.37,27.23,234.3,-0.08991240828086444,Medium
Dhaka,2025-09-15 19:21:22.505492,176.48,279.98,43.36,226.7,-0.08248668745301524,Medium
Dhaka,2025-09-17 19:21:22.505492,192.92,319.57,34.76,243.0,-0.10205398378902397,High
Dhaka,2025-10-20 19:21:22.505492,194.21,306.62,35.43,244.3,-0.1026585182717874,High
Dhaka,2025-10-21 07:21:22.505492,164.91,240.88,40.8,215.3,-0.04445780561889345,Medium
Dhaka,2025-11-04 01:21:22.505492,182.57,263.62,51.05,232.8,-0.08268163121756444,Medium
Dhaka,2025-11-16 01:21:22.505492,192.88,342.46,42.67,243.0,-0.10779125942063772,High
Dhaka,2025-11-17 13:21:22.505492,214.58,339.13,13.26,264.5,-0.11305834361010814,High
Dhaka,2025-11-24 01:21:22.505492,181.36,260.16,40.72,231.6,-0.06697078735680773,Medium
Dhaka,2025-11-25 19:21:22.505492,205.52,288.45,34.21,255.5,-0.10232863912550794,High
Dhaka,2025-11-26 13:21:22.505492,87.26,143.63,6.06,167.4,-0.03033719925111611,Medium
Dhaka,2025-11-29 07:21:22.505492,203.0,359.39,57.65,253.0,-0.13213096968433835,High
Dhaka,2025-12-13 19:21:22.505492,179.66,279.66,11.42,229.9,-0.09767638394952793,Medium
Dhaka,2025-12-18 07:21:22.505492,183.33,325.43,27.9,233.5,-0.09610570072397562,Medium
Dhaka,2025-12-20 13:21:22.505492,194.03,322.11,38.68,244.1,-0.08370450251590689,Medium
Dhaka,2026-01-02 13:21:22.505492,203.27,301.51,34.31,253.3,-0.10697601523029987,High
Dhaka,2026-01-07 01:21:22.505492,200.86,319.61,48.51,250.9,-0.11832412092874045,High
Dhaka,2026-01-09 19:21:22.505492,182.16,327.63,58.6,232.4,-0.09782721924566207,Medium
Dhaka,2026-01-10 07:21:22.505492,212.4,311.5,9.17,262.3,-0.13468815876426843,High
Dhaka,2026-01-28 13:21:22.505492,98.0,175.62,36.83,172.9,-0.011180483969220112,Medium
Dhaka,2026-01-31 07:21:22.505492,204.64,355.66,25.96,254.7,-0.13500760300984038,High
Dhaka,2026-01-31 13:21:22.505492,83.53,147.91,73.7,165.5,-0.0009945632692952566,Medium
Dhaka,2026-02-01 01:21:22.505492,195.36,280.84,23.9,245.5,-0.10213346083675479,High
Dhaka,2026-02-03 07:21:22.505492,99.16,172.76,33.39,173.5,-0.0042097941627387,Medium
Dhaka,2026-02-03 19:21:22.505492,211.46,345.87,43.0,261.4,-0.11345497131388049,High
Dhaka,2026-02-05 13:21:22.505492,121.46,201.39,18.89,185.1,-0.029596566775294986,Medium
Dhaka,2026-02-07 13:21:22.505492,111.66,196.65,0.0,180.0,-0.04453012998660033,Medium
Dhaka,2026-02-20 13:21:22.505492,104.16,162.21,3.65,176.1,-0.03372636198764045,Medium
Dhaka,2026-02-23 13:21:22.505492,106.81,192.22,5.97,177.5,-0.017748461093545553,Medium
Dhaka,2026-02-25 13:21:22.505492,96.92,155.8,59.66,172.4,-0.0043389939471485395,Medium
Dhaka,2026-03-03 13:21:22.505492,120.0,211.64,41.53,184.3,-0.006207628528077991,Medium
Dhaka,2026-03-05 13:21:22.505492,125.34,219.19,59.0,187.1,-0.024878415030554657,Medium
Dhaka,2026-03-06 13:21:22.505492,98.07,172.12,59.86,173.0,-0.008472537146445247,Medium
Dhaka,2026-03-09 13:21:22.505492,96.49,173.31,83.45,172.2,-0.002542703726329032,Medium
Dhaka,2026-03-11 13:21:22.505492,223.25,372.12,31.85,273.1,-0.10670199602041552,High
Dhaka,2026-03-13 13:21:22.505492,112.02,181.22,4.26,180.2,-0.012404570157436012,Medium
Dhaka,2026-03-14 01:21:22.505492,188.44,279.22,38.6,238.6,-0.11429823516372817,High
Dhaka,2026-03-17 07:21:22.505492,97.99,171.52,66.38,172.9,-0.009378828474292722,Medium
Dhaka,2026-03-18 01:21:22.505492,208.79,322.79,48.2,258.8,-0.11534860728043328,High
Dhaka,2026-03-18 13:21:22.505492,107.09,176.72,60.52,177.6,-0.0298193862595012,Medium
Dhaka,2026-03-18 19:21:22.505492,95.08,148.21,0.0,171.4,-0.012868483031226674,Medium
Dhaka,2026-03-22 13:21:22.505492,103.72,185.27,65.33,175.9,-0.005515179953975213,Medium
Dhaka,2026-03-26 13:21:22.505492,100.67,172.67,0.0,174.3,-0.06995103079830678,Medium
Dhaka,2026-03-26 19:21:22.505492,113.97,178.56,76.34,181.2,-0.04730864423640535,Medium
Dhaka,2026-03-31 07:21:22.505492,124.39,183.15,40.81,186.6,-0.0203093939994351,Medium
Dhaka,2026-04-04 01:21:22.505492,114.05,192.59,55.55,181.2,-0.004931397866095755,Medium
Dhaka,2026-04-05 07:21:22.505492,115.93,174.63,58.29,182.2,-0.032803769439683994,Medium
Dhaka,2026-04-06 01:21:22.505492,113.33,178.75,59.8,180.9,-0.0005215245891785347,Medium
Dhaka,2026-04-13 07:21:22.505492,114.14,192.26,48.88,181.3,-0.0040750193317058425,Medium
Dhaka,2026-04-17 07:21:22.505492,91.01,160.01,50.6,169.3,-0.02271256996335136,Medium
Dhaka,2026-04-18 13:21:22.505492,127.64,218.64,33.98,188.3,-0.01973350565591936,Medium
Dhaka,2026-04-20 01:21:22.505492,209.44,358.63,37.13,259.4,-0.13564249471615186,High
Dhaka,2026-04-20 07:21:22.505492,110.68,198.03,57.81,179.5,-0.04738852558563522,Medium
Dhaka,2026-04-20 13:21:22.505492,91.86,165.09,59.54,169.8,-0.0006059518670095132,Medium
Dhaka,2026-04-21 07:21:22.505492,81.72,145.14,0.0,164.5,-0.01245512777655633,Medium
Dhaka,2026-04-25 13:21:22.505492,98.7,170.39,6.31,173.3,-0.04693386251543141,Medium
Dhaka,2026-04-25 19:21:22.505492,121.79,195.31,5.73,185.2,-0.038197311239487886,Medium
Dhaka,2026-04-29 13:21:22.505492,126.12,213.35,44.32,187.5,-0.006495778829161858,Medium
Dhaka,2026-05-02 07:21:22.505492,96.6,144.27,61.87,172.2,-0.016236507329440153,Medium
Dhaka,2026-05-02 13:21:22.505492,121.96,189.6,4.36,185.3,-0.05288936945611733,Medium
Dhaka,2026-05-03 07:21:22.505492,116.49,199.08,49.4,182.5,-0.026487983512147983,Medium
Dhaka,2026-05-05 13:21:22.505492,119.02,193.8,53.28,183.8,-0.003685935637387394,Medium
Dhaka,2026-05-07 01:21:22.505492,89.2,154.3,10.15,168.4,-0.013361127940768047,Medium
Dhaka,2026-05-07 13:21:22.505492,112.64,175.08,74.04,180.5,-0.020442102378506855,Medium
Dhaka,2026-05-08 07:21:22.505492,111.13,179.35,13.81,179.7,-0.026535683422277412,Medium
Dhaka,2026-05-09 13:21:22.505492,232.01,346.01,27.64,281.8,-0.10907822285967961,High
Dhaka,2026-05-12 13:21:22.505492,117.77,204.18,67.51,183.2,-0.05824367376439288,Medium
Dhaka,2026-05-13 13:21:22.505492,110.94,194.04,51.8,179.6,-0.00924049778017666,Medium
Dhaka,2026-05-17 13:21:22.505492,124.1,197.27,33.89,186.4,-0.0026224586153226204,Medium
Dhaka,2026-05-21 07:21:22.505492,98.73,152.49,29.79,173.3,-0.009089859591498883,Medium
Dhaka,2026-05-23 13:21:22.505492,133.4,192.66,45.93,191.2,-0.018910061875398232,Medium
Dhaka,2026-05-24 07:21:22.505492,115.47,199.7,17.55,182.0,-0.05473235491558215,Medium
Dhaka,2026-05-26 13:21:22.505492,97.77,174.26,38.58,172.8,-0.016790758179413445,Medium
Dhaka,2026-05-28 13:21:22.505492,97.32,149.0,69.25,172.6,-0.021362833100232903,Medium
Karachi,2025-06-02 13:21:22.505492,98.64,163.04,66.29,173.3,-0.012011937248902926,Medium
Karachi,2025-06-04 19:21:22.505492,81.65,144.8,50.27,164.5,-0.01868626240435567,Medium
Karachi,2025-06-08 07:21:22.505492,193.89,301.77,26.59,244.0,-0.10683334870010386,High
Karachi,2025-06-23 19:21:22.505492,188.76,333.74,6.87,238.9,-0.11586295557483184,High
Karachi,2025-06-24 13:21:22.505492,203.07,336.2,58.75,253.1,-0.09770983176998094,Medium
Karachi,2025-07-09 07:21:22.505492,204.86,303.58,30.85,254.9,-0.10090712351540732,High
Karachi,2025-07-10 19:21:22.505492,211.49,362.92,37.27,261.4,-0.098902000582757,Medium
Karachi,2025-07-14 07:21:22.505492,192.89,346.07,16.78,243.0,-0.12047801695677618,High
Karachi,2025-07-22 19:21:22.505492,204.64,331.7,60.75,254.7,-0.12184379273706836,High
Karachi,2025-07-27 01:21:22.505492,166.75,277.56,35.45,217.1,-0.07425166460013422,Medium
Karachi,2025-07-28 07:21:22.505492,203.37,349.8,55.32,253.4,-0.10974080243499451,High
Karachi,2025-08-07 19:21:22.505492,164.25,281.34,35.65,214.6,-0.07247465272294706,Medium
Karachi,2025-08-12 19:21:22.505492,194.23,282.84,45.72,244.3,-0.106005919617286,High
Karachi,2025-08-25 13:21:22.505492,178.45,291.25,38.65,228.7,-0.09114118563141915,Medium
Karachi,2025-08-28 19:21:22.505492,172.95,305.64,56.3,223.3,-0.10878874963732232,High
Karachi,2025-09-07 07:21:22.505492,176.63,286.73,51.48,226.9,-0.09375302811987674,Medium
Karachi,2025-09-11 19:21:22.505492,175.66,312.54,47.76,225.9,-0.10460738372381184,High
Karachi,2025-09-21 19:21:22.505492,173.34,282.08,39.3,223.6,-0.06536684636616696,Medium
Karachi,2025-10-03 19:21:22.505492,170.38,291.52,36.94,220.7,-0.0786501183436471,Medium
Karachi,2025-10-04 13:21:22.505492,177.69,260.73,55.92,227.9,-0.0885992858834247,Medium
Karachi,2025-10-05 13:21:22.505492,179.74,255.05,32.85,230.0,-0.08848184445678164,Medium
Karachi,2025-10-14 13:21:22.505492,75.69,133.34,0.0,161.4,-0.007468189489842292,Medium
Karachi,2025-10-15 01:21:22.505492,176.42,307.32,36.35,226.7,-0.08469623723730835,Medium
Karachi,2025-10-16 13:21:22.505492,63.29,112.07,31.85,155.0,-0.006477167346349844,Medium
Karachi,2025-10-30 19:21:22.505492,168.93,260.29,71.59,219.3,-0.10033308486942105,High
Karachi,2025-11-18 19:21:22.505492,147.89,259.49,33.05,198.7,-0.055553242688656135,Medium
Karachi,2025-11-20 07:21:22.505492,180.08,258.56,71.45,230.3,-0.0829343037561735,Medium
Karachi,2025-11-27 13:21:22.505492,194.01,278.08,19.85,244.1,-0.09679090567015103,Medium
Karachi,2025-12-16 01:21:22.505492,182.79,265.28,51.18,233.0,-0.07619816243256594,Medium
Karachi,2025-12-23 19:21:22.505492,183.91,288.91,62.2,234.1,-0.11893856152938154,High
Karachi,2025-12-24 13:21:22.505492,189.5,291.96,47.89,239.7,-0.09909899218997698,Medium
Karachi,2026-01-16 19:21:22.505492,89.97,161.5,17.08,168.8,-0.02490805635741533,Medium
Karachi,2026-01-21 01:21:22.505492,186.42,275.22,38.54,236.6,-0.09934178438066599,Medium
Karachi,2026-02-02 13:21:22.505492,105.26,162.64,62.35,176.7,-0.009953041874856794,Medium
Karachi,2026-02-07 01:21:22.505492,188.56,276.02,25.66,238.7,-0.09029779057182719,Medium
Karachi,2026-02-14 13:21:22.505492,113.57,171.97,18.31,181.0,-0.011587831472933185,Medium
Karachi,2026-02-22 07:21:22.505492,184.12,262.35,34.24,234.3,-0.0798570651136008,Medium
Karachi,2026-02-22 19:21:22.505492,111.02,197.54,18.4,179.7,-3.4763053437636415e-05,Medium
Karachi,2026-02-24 13:21:22.505492,99.29,159.25,54.58,173.6,-0.018184555406733804,Medium
Karachi,2026-02-25 13:21:22.505492,111.77,201.08,59.93,180.1,-0.006524563952680862,Medium
Karachi,2026-02-26 13:21:22.505492,206.12,371.01,34.77,256.1,-0.1091420951984915,High
Karachi,2026-03-01 01:21:22.505492,177.34,266.14,31.43,227.6,-0.08688572446881748,Medium
Karachi,2026-03-01 19:21:22.505492,94.34,163.04,74.54,171.1,-0.0017227109449777789,Medium
Karachi,2026-03-04 13:21:22.505492,215.87,320.69,35.25,265.8,-0.10464169769431708,High
Karachi,2026-03-05 13:21:22.505492,92.12,165.49,8.44,169.9,-0.047557536179524185,Medium
Karachi,2026-03-19 01:21:22.505492,193.67,281.94,40.26,243.8,-0.10427393495318671,High
Karachi,2026-03-19 13:21:22.505492,124.59,223.11,32.61,186.7,-0.04959116954881093,Medium
Karachi,2026-03-20 13:21:22.505492,113.61,184.87,35.13,181.0,-0.01532806829950617,Medium
Karachi,2026-03-21 07:21:22.505492,217.32,338.29,65.25,267.2,-0.1342395676031024,High
Karachi,2026-03-25 13:21:22.505492,111.91,199.68,61.02,180.1,-0.0328115600193043,Medium
Karachi,2026-03-28 01:21:22.505492,189.87,305.46,38.45,240.0,-0.08757340278569614,Medium
Karachi,2026-03-29 07:21:22.505492,201.08,315.75,9.12,251.1,-0.12384299564643131,High
Karachi,2026-03-29 13:21:22.505492,123.54,219.85,47.14,186.1,-0.041121387270933396,Medium
Karachi,2026-04-04 01:21:22.505492,184.07,291.87,59.44,234.3,-0.09529834267281356,Medium
Karachi,2026-04-05 01:21:22.505492,103.15,160.07,48.68,175.6,-0.00318200253836165,Medium
Karachi,2026-04-06 13:21:22.505492,116.14,185.89,53.73,182.3,-0.0012077595749346859,Medium
Karachi,2026-04-09 01:21:22.505492,210.38,367.31,58.95,260.3,-0.1135689166764503,High
Karachi,2026-04-09 13:21:22.505492,112.11,193.15,55.3,180.2,-0.04580174700104689,Medium
Karachi,2026-04-10 19:21:22.505492,115.66,204.35,38.81,182.1,-0.011789547071685003,Medium
Karachi,2026-04-13 07:21:22.505492,208.05,365.62,52.01,258.0,-0.11095896070690014,High
Karachi,2026-04-13 13:21:22.505492,114.58,201.68,34.13,181.5,-0.020003318297072914,Medium
Karachi,2026-04-18 13:21:22.505492,221.48,332.8,40.16,271.3,-0.10442744806597559,High
Karachi,2026-04-25 07:21:22.505492,101.3,153.86,32.8,174.6,-0.002143394426691869,Medium
Karachi,2026-04-25 13:21:22.505492,193.11,318.2,48.35,243.2,-0.11928721791519892,High
Karachi,2026-04-26 01:21:22.505492,99.82,156.04,68.28,173.9,-0.00657323219550221,Medium
Karachi,2026-04-29 13:21:22.505492,227.59,409.49,21.66,277.4,-0.13615905724292854,High
Karachi,2026-05-04 19:21:22.505492,199.1,321.57,51.32,249.2,-0.12227631395019334,High
Karachi,2026-05-07 13:21:22.505492,110.95,180.18,58.67,179.6,-0.005988917079487344,Medium
Karachi,2026-05-08 01:21:22.505492,74.89,121.53,2.05,161.0,-0.0013808094718673614,Medium
Karachi,2026-05-14 13:21:22.505492,99.87,178.33,60.75,173.9,-0.0018317379097793074,Medium
Karachi,2026-05-16 13:21:22.505492,116.65,195.63,54.19,182.6,-0.008858708215259359,Medium
Karachi,2026-05-16 19:21:22.505492,197.76,300.49,25.1,247.8,-0.10183132762207259,High
Karachi,2026-05-17 07:21:22.505492,105.13,179.19,26.0,176.6,-0.0006236742040700571,Medium
Karachi,2026-05-18 07:21:22.505492,105.78,163.46,13.54,177.0,-0.008148793276821609,Medium
Karachi,2026-05-20 01:21:22.505492,63.53,101.87,80.99,155.1,-0.00960072573897619,Medium
Karachi,2026-05-20 19:21:22.505492,202.87,284.97,41.08,252.9,-0.0889307121833246,Medium
Karachi,2026-05-24 13:21:22.505492,221.43,310.79,44.29,271.3,-0.1297165597200174,High
Karachi,2026-05-24 19:21:22.505492,172.62,273.03,38.71,222.9,-0.10703776475696569,High
Karachi,2026-05-25 13:21:22.505492,111.85,201.05,76.29,180.1,-0.024571230407825828,Medium
Bangkok,2025-06-25 13:21:22.505492,129.24,226.99,23.31,189.1,-0.02994315002101844,Medium
Bangkok,2025-07-04 01:21:22.505492,36.67,52.38,66.1,103.9,-0.0009538180104092797,Medium
Bangkok,2025-07-14 13:21:22.505492,114.07,202.22,64.02,181.2,-0.039312410029073486,Medium
Bangkok,2025-07-22 13:21:22.505492,128.1,184.05,45.15,188.5,-0.0023262025920708362,Medium
Bangkok,2025-07-26 07:21:22.505492,113.37,190.63,67.79,180.9,-0.016778635354640747,Medium
Bangkok,2025-09-09 13:21:22.505492,110.03,156.73,9.0,179.2,-0.022197248167535766,Medium
Bangkok,2025-09-21 19:21:22.505492,18.53,28.38,45.43,64.5,-0.00853991395889453,Medium
Bangkok,2025-09-30 07:21:22.505492,97.6,173.61,79.72,172.7,-0.06021569827548279,Medium
Bangkok,2025-09-30 19:21:22.505492,26.96,40.42,53.3,82.3,-0.0002079281041827974,Medium
Bangkok,2025-11-08 01:21:22.505492,88.78,158.9,22.5,168.2,-0.015306397202026645,Medium
Bangkok,2025-11-18 13:21:22.505492,106.85,166.06,81.75,177.5,-0.04006725161974645,Medium
Bangkok,2026-01-24 01:21:22.505492,114.85,179.93,7.57,181.6,-0.03558201851094034,Medium
Bangkok,2026-02-05 07:21:22.505492,126.42,221.4,28.21,187.6,-0.05100760668968096,Medium
Bangkok,2026-02-12 07:21:22.505492,115.28,198.91,54.23,181.9,-0.0018213115323910678,Medium
Bangkok,2026-02-22 01:21:22.505492,126.82,209.01,39.72,187.8,-0.021872124995315656,Medium
Bangkok,2026-03-09 07:21:22.505492,119.98,210.27,3.52,184.3,-0.03891138165711938,Medium
Bangkok,2026-03-21 19:21:22.505492,124.35,218.97,59.74,186.5,-0.017721224686779613,Medium
Bangkok,2026-03-23 19:21:22.505492,129.26,196.9,36.09,189.1,-0.017334566689597986,Medium
Bangkok,2026-04-08 19:21:22.505492,127.9,191.12,69.73,188.4,-0.04019419960105586,Medium
Bangkok,2026-04-17 13:21:22.505492,132.87,197.16,22.34,190.9,-0.007252740598068019,Medium
Bangkok,2026-04-19 19:21:22.505492,125.38,195.35,30.05,187.1,-0.0029163773638281043,Medium
Bangkok,2026-05-03 13:21:22.505492,135.31,194.93,62.3,192.2,-0.056137535419541584,Medium
Bangkok,2026-05-20 19:21:22.505492,142.67,229.98,30.66,196.0,-0.049628275877749095,Medium
Jakarta,2025-05-30 13:21:22.505492,81.5,139.72,45.03,164.4,-0.006997104797959786,Medium
Jakarta,2025-06-06 19:21:22.505492,146.41,223.75,45.81,197.9,-0.040871975711389896,Medium
Jakarta,2025-06-10 07:21:22.505492,150.23,233.08,32.63,199.9,-0.042444887351093086,Medium
Jakarta,2025-07-02 01:21:22.505492,153.84,270.32,24.08,204.3,-0.08369360554801097,Medium
Jakarta,2025-07-05 13:21:22.505492,147.34,245.64,9.37,198.4,-0.08143093260421419,Medium
Jakarta,2025-07-13 19:21:22.505492,127.14,194.41,39.7,188.0,-0.02451424473444319,Medium
Jakarta,2025-07-16 07:21:22.505492,144.67,245.28,31.91,197.0,-0.0337443699738994,Medium
Jakarta,2025-08-02 19:21:22.505492,124.97,224.72,54.36,186.9,-0.039058421929114795,Medium
Jakarta,2025-08-13 01:21:22.505492,118.64,195.38,59.85,183.6,-0.03244269556591861,Medium
Jakarta,2025-08-29 13:21:22.505492,139.61,225.17,32.71,194.4,-0.03399888396284767,Medium
Jakarta,2025-09-17 01:21:22.505492,120.5,207.36,27.27,184.6,-0.026070046069494257,Medium
Jakarta,2025-09-20 19:21:22.505492,24.45,41.09,64.44,77.0,-0.008568383088723208,Medium
Jakarta,2025-10-02 13:21:22.505492,141.04,221.67,33.86,195.2,-0.015572255192910944,Medium
Jakarta,2025-10-13 13:21:22.505492,142.25,244.94,44.84,195.8,-0.0462706641331907,Medium
Jakarta,2025-11-14 13:21:22.505492,53.05,77.23,21.04,144.2,-0.016092309962197793,Medium
Jakarta,2025-12-03 13:21:22.505492,129.76,183.01,60.0,189.3,-0.03778571315617418,Medium
Jakarta,2025-12-09 13:21:22.505492,128.58,214.23,19.58,188.7,-0.030511457165721234,Medium
Jakarta,2026-01-02 07:21:22.505492,153.63,215.66,42.42,204.1,-0.01564268872071084,Medium
Jakarta,2026-01-22 07:21:22.505492,55.22,93.02,68.32,149.6,-0.00935456945892521,Medium
Jakarta,2026-02-04 19:21:22.505492,150.66,214.89,31.82,201.2,-0.04086859469806725,Medium
Jakarta,2026-02-28 19:21:22.505492,152.81,226.41,36.6,203.3,-0.020177429101899902,Medium
Jakarta,2026-03-11 07:21:22.505492,154.6,265.67,21.46,205.1,-0.061066288161151006,Medium
Jakarta,2026-03-15 07:21:22.505492,138.77,199.72,36.18,194.0,-0.012039862785512612,Medium
Jakarta,2026-03-16 07:21:22.505492,153.93,262.6,48.96,204.4,-0.06408380843177397,Medium
Jakarta,2026-03-20 01:21:22.505492,144.05,236.07,34.02,196.7,-0.05293130508842847,Medium
Jakarta,2026-03-24 19:21:22.505492,151.65,266.36,72.64,202.1,-0.1047312223306972,High
Jakarta,2026-03-31 13:21:22.505492,155.08,251.93,11.78,205.5,-0.08536913601091067,Medium
Jakarta,2026-04-07 19:21:22.505492,149.99,264.29,35.72,199.8,-0.049362614290589524,Medium
Jakarta,2026-04-10 07:21:22.505492,138.92,247.06,55.71,194.1,-0.06517058217065252,Medium
Jakarta,2026-04-10 19:21:22.505492,157.16,238.59,9.5,207.6,-0.07383869787654496,Medium
Jakarta,2026-04-14 01:21:22.505492,135.52,227.22,40.16,192.3,-0.034566911370132125,Medium
Jakarta,2026-04-15 13:21:22.505492,150.26,250.56,10.34,199.9,-0.0816923385992514,Medium
Jakarta,2026-04-21 19:21:22.505492,146.77,222.87,39.25,198.1,-0.027696278801698226,Medium
Jakarta,2026-04-26 13:21:22.505492,151.26,238.53,44.62,201.7,-0.05049416722915068,Medium
Jakarta,2026-04-29 13:21:22.505492,173.26,290.76,47.17,223.6,-0.10288051390376451,High
Jakarta,2026-05-15 01:21:22.505492,136.97,240.86,25.31,193.1,-0.0591407360426337,Medium
Jakarta,2026-05-17 13:21:22.505492,154.63,255.78,28.69,205.1,-0.09213260839081627,Medium
Jakarta,2026-05-20 07:21:22.505492,150.84,240.23,55.24,201.3,-0.07594066828318335,Medium
Jakarta,2026-05-20 13:21:22.505492,144.31,253.52,53.98,196.9,-0.07525337611336047,Medium
Jakarta,2026-05-21 13:21:22.505492,166.74,264.14,54.63,217.1,-0.07756687367374471,Medium
Jakarta,2026-05-26 07:21:22.505492,67.09,111.42,73.02,157.0,-0.0047178496582486185,Medium
Sydney,2025-07-07 01:21:22.505492,1.06,1.83,59.71,4.4,-0.004720345310589624,Medium
Sydney,2025-07-17 19:21:22.505492,7.57,13.06,14.58,31.5,-0.001830614793663532,Medium
Sydney,2025-08-11 01:21:22.505492,1.0,1.66,17.04,4.2,-0.033226323677291725,Medium
Sydney,2025-08-15 01:21:22.505492,1.0,1.61,64.87,4.2,-0.009055409884234922,Medium
Sydney,2025-08-16 01:21:22.505492,1.0,1.57,8.18,4.2,-0.013780362714237548,Medium
Sydney,2025-09-12 01:21:22.505492,1.0,1.57,44.52,4.2,-0.0019909641580712067,Medium
Sydney,2025-09-18 19:21:22.505492,1.0,1.49,76.08,4.2,-0.009213600549553447,Medium
Sydney,2025-09-19 07:21:22.505492,1.0,1.74,64.48,4.2,-0.032155814110688796,Medium
Sydney,2025-10-05 19:21:22.505492,1.0,1.55,73.55,4.2,-0.03475641412015662,Medium
Sydney,2025-10-18 13:21:22.505492,5.4,8.49,74.37,22.5,-0.024087306709995593,Medium
Sydney,2025-10-31 07:21:22.505492,1.0,1.65,0.0,4.2,-0.016174397351758962,Medium
Sydney,2025-11-07 01:21:22.505492,1.0,1.4,35.8,4.2,-0.016719181183362797,Medium
Sydney,2025-11-11 01:21:22.505492,1.0,1.79,72.62,4.2,-0.0005096705473769392,Medium
Sydney,2025-11-16 13:21:22.505492,5.9,9.05,61.02,24.6,-0.009697163525899,Medium
Sydney,2025-11-20 07:21:22.505492,1.29,2.03,61.27,5.4,-0.014437542485090993,Medium
Sydney,2025-11-29 07:21:22.505492,1.0,1.65,73.0,4.2,-0.023112782457321623,Medium
Sydney,2025-12-03 07:21:22.505492,6.19,9.17,53.62,25.8,-0.0017053322779624347,Medium
Sydney,2025-12-04 01:21:22.505492,1.0,1.78,83.84,4.2,-0.015033171256024658,Medium
Sydney,2025-12-11 01:21:22.505492,1.0,1.63,58.29,4.2,-0.03344715749811855,Medium
Sydney,2025-12-26 13:21:22.505492,12.38,20.46,12.79,51.6,-0.0020309527336878075,Medium
Sydney,2026-01-28 19:21:22.505492,6.53,10.17,79.87,27.2,-0.0021151043010286807,Medium
Sydney,2026-02-21 01:21:22.505492,8.09,12.39,75.02,33.7,-0.010015610591000979,Medium
Sydney,2026-03-26 01:21:22.505492,13.17,23.67,10.3,53.2,-0.03049766393103137,Medium
Toronto,2025-07-30 01:21:22.505492,5.36,8.28,12.65,22.3,-0.003991749996964611,Medium
Toronto,2025-08-06 13:21:22.505492,16.08,24.57,0.0,59.4,-0.005612131706014933,Medium
Toronto,2025-09-02 19:21:22.505492,1.0,1.44,20.87,4.2,-0.0167754761176081,Medium
Toronto,2025-10-01 01:21:22.505492,1.0,1.45,64.98,4.2,-0.005698235717079503,Medium
Toronto,2025-10-05 19:21:22.505492,1.0,1.43,46.22,4.2,-0.005754919732897323,Medium
Toronto,2025-10-16 01:21:22.505492,1.0,1.79,60.77,4.2,-0.028332741275737372,Medium
Toronto,2025-10-20 01:21:22.505492,1.0,1.67,13.6,4.2,-0.0030439331317460017,Medium
Toronto,2025-10-24 19:21:22.505492,1.0,1.54,70.56,4.2,-0.030581498522933348,Medium
Toronto,2025-11-14 01:21:22.505492,1.0,1.42,10.21,4.2,-0.015239723846067088,Medium
Toronto,2025-11-25 07:21:22.505492,4.49,7.83,86.2,18.7,-0.0036063265480746898,Medium
Toronto,2025-11-30 01:21:22.505492,1.0,1.66,67.37,4.2,-0.0033451115394892428,Medium
Toronto,2025-12-06 07:21:22.505492,7.78,11.37,82.83,32.4,-0.014057707797411334,Medium
Toronto,2025-12-17 01:21:22.505492,1.0,1.7,80.2,4.2,-0.0011392774410741158,Medium
Toronto,2026-01-20 01:21:22.505492,2.66,3.88,38.53,11.1,-0.003500132925428945,Medium
Toronto,2026-04-07 01:21:22.505492,13.97,20.32,68.34,54.9,-0.017791731822213608,Medium
Toronto,2026-04-16 01:21:22.505492,20.64,32.27,12.11,69.0,-0.006964736946372008,Medium
Toronto,2026-05-15 13:21:22.505492,35.86,53.57,7.77,101.9,-0.003866390957999788,Medium
Berlin,2025-06-14 19:21:22.505492,16.65,28.51,30.01,60.6,-0.002961486921436274,Medium
Berlin,2025-07-08 07:21:22.505492,17.78,28.45,73.93,63.0,-0.0175930238961427,Medium
Berlin,2025-08-10 13:21:22.505492,19.29,27.4,68.49,66.1,-0.005364231187888313,Medium
Berlin,2025-09-05 13:21:22.505492,11.84,20.32,17.18,49.3,-0.010169298016650452,Medium
Berlin,2025-09-06 07:21:22.505492,2.86,4.04,14.21,11.9,-0.008857235080338421,Medium
Berlin,2025-09-08 07:21:22.505492,8.01,11.42,24.51,33.4,-0.00028622100190878186,Medium
Berlin,2025-10-11 13:21:22.505492,11.7,18.87,6.08,48.8,-0.008520536113263533,Medium
Berlin,2025-10-11 19:21:22.505492,1.0,1.64,45.07,4.2,-0.0003387016933961151,Medium
Berlin,2025-11-04 01:21:22.505492,1.0,1.78,18.6,4.2,-0.003015653352655301,Medium
Berlin,2025-11-18 01:21:22.505492,1.0,1.58,1.85,4.2,-0.02221232602343104,Medium
Berlin,2025-12-05 19:21:22.505492,2.04,3.64,2.85,8.5,-0.014655689104721814,Medium
Berlin,2025-12-13 19:21:22.505492,4.4,6.85,68.97,18.3,-0.001455130732988752,Medium
Berlin,2025-12-17 01:21:22.505492,1.0,1.52,51.74,4.2,-0.003407978027555214,Medium
Berlin,2025-12-20 19:21:22.505492,5.42,9.1,84.19,22.6,-0.019211264428343866,Medium
Berlin,2026-01-20 01:21:22.505492,5.4,7.79,79.38,22.5,-0.016884462268460743,Medium
Berlin,2026-01-31 19:21:22.505492,13.43,20.25,69.14,53.8,-0.006018844838112436,Medium
Berlin,2026-04-17 19:21:22.505492,24.73,39.39,5.12,77.6,-0.0013501088971271669,Medium
Seoul,2025-08-22 01:21:22.505492,83.69,123.88,7.9,165.6,-0.02339716247452206,Medium
Seoul,2025-09-21 01:21:22.505492,5.94,10.1,0.0,24.8,-0.006641829624184914,Medium
Seoul,2025-12-27 01:21:22.505492,19.21,32.5,3.99,65.9,-0.034697771572594904,Medium
Seoul,2026-01-17 13:21:22.505492,114.76,196.93,20.66,181.6,-0.006724258519566484,Medium
Seoul,2026-03-04 13:21:22.505492,63.25,105.3,10.17,155.0,-0.0056226820511193765,Medium
Seoul,2026-04-16 07:21:22.505492,107.68,187.06,35.46,177.9,-0.011033496355999262,Medium
